title,url,publishedAt
《嘉莉妹妹》 卷 4- 西奥多·德莱赛,https://www.youtube.com/watch?v=aanegMXEXs4,2024-09-20T00:29:38Z
《蛙》 卷 4 - 莫⾔,https://www.youtube.com/watch?v=fFE7xgk2L0A,2024-09-19T23:44:57Z
《射雕英雄传》 卷 7- 金庸,https://www.youtube.com/watch?v=xnRm3Im2dko,2024-09-19T12:52:59Z
《笑傲江湖》 卷 10 - 金庸,https://www.youtube.com/watch?v=7rkrWxdaimE,2024-09-19T04:00:29Z
《天龙八部》 卷 11 - 金庸,https://www.youtube.com/watch?v=_vhg_dEhvf8,2024-09-19T03:22:33Z
《恋爱中的女人》 卷 3- 劳伦斯,https://www.youtube.com/watch?v=TxYor-524LU,2024-09-19T02:30:47Z
《蛙》 卷 3 - 莫⾔,https://www.youtube.com/watch?v=hP81cx4J3XA,2024-09-18T23:34:12Z
《神雕侠侣》 卷 8-金庸,https://www.youtube.com/watch?v=KEO85SZ6ezc,2024-09-18T17:07:12Z
《倚天屠龙记》 卷 9 - 金庸,https://www.youtube.com/watch?v=-dexl6krIOU,2024-09-18T17:02:12Z
《鹿鼎记》 卷 8 - 金庸,https://www.youtube.com/watch?v=hlR3vksl1rw,2024-09-18T16:46:33Z
《蛙》 卷 2 - 莫⾔,https://www.youtube.com/watch?v=tpEpTypuxuw,2024-09-18T13:11:15Z
《嘉莉妹妹》 卷 3- 西奥多·德莱赛,https://www.youtube.com/watch?v=O3RV8wmBiVI,2024-09-18T00:19:20Z
《蛙》 卷 1 - 莫⾔,https://www.youtube.com/watch?v=Jq3jKza8rHY,2024-09-17T11:26:54Z
《丰乳肥臀》 卷 3 - 莫⾔,https://www.youtube.com/watch?v=c3zwHYwoHHI,2024-09-17T07:37:23Z
《笑傲江湖》 卷 9 - 金庸,https://www.youtube.com/watch?v=enrLp06QxYM,2024-09-17T07:35:45Z
《射雕英雄传》 卷 6- 金庸,https://www.youtube.com/watch?v=G6YCB96uwKQ,2024-09-17T00:44:42Z
《鹿鼎记》 卷 7 - 金庸,https://www.youtube.com/watch?v=Oq5ZNhggdVs,2024-09-16T16:28:51Z
《神雕侠侣》 卷 7-金庸,https://www.youtube.com/watch?v=UvbncVxWMFE,2024-09-16T16:17:31Z
《倚天屠龙记》 卷 8 - 金庸,https://www.youtube.com/watch?v=H2rrbUwEHe0,2024-09-16T16:04:30Z
《红⾼粱家族》 卷 3 - 莫⾔,https://www.youtube.com/watch?v=gDUHpD8uR8o,2024-09-15T21:54:29Z
《笑傲江湖》 卷 8 - 金庸,https://www.youtube.com/watch?v=dexjKHLxGZA,2024-09-15T15:25:36Z
《红⾼粱家族》 卷 2 - 莫⾔,https://www.youtube.com/watch?v=TCAWTFbVvt0,2024-09-15T05:07:35Z
《丰乳肥臀》 卷 2 - 莫⾔,https://www.youtube.com/watch?v=dZqY82r0eHc,2024-09-15T05:02:32Z
《鹿鼎记》 卷 6 - 金庸,https://www.youtube.com/watch?v=uVaDSx20T7I,2024-09-14T16:48:33Z
《神雕侠侣》 卷 6-金庸,https://www.youtube.com/watch?v=RJKYXkTLWXY,2024-09-14T16:43:12Z
《倚天屠龙记》 卷 7 - 金庸,https://www.youtube.com/watch?v=-acPeQ0tfmk,2024-09-14T13:03:55Z
《笑傲江湖》 卷 7 - 金庸,https://www.youtube.com/watch?v=GK8OMd9XOzY,2024-09-14T06:28:30Z
《射雕英雄传》 卷 5- 金庸,https://www.youtube.com/watch?v=yROQMmgMSOQ,2024-09-14T05:50:06Z
《天龙八部》 卷 9 - 金庸,https://www.youtube.com/watch?v=3IIpzob15OI,2024-09-14T00:32:06Z
《丰乳肥臀》 卷 1 - 莫⾔,https://www.youtube.com/watch?v=IzHEDr8sKPM,2024-09-13T15:49:24Z
《笑傲江湖》 卷 6 - 金庸,https://www.youtube.com/watch?v=l669JdkA4VA,2024-09-13T15:13:46Z
《红⾼粱家族》 卷 1 - 莫⾔,https://www.youtube.com/watch?v=hbZ9CjgDep0,2024-09-12T22:15:04Z
《嘉莉妹妹》 卷 2- 西奥多·德莱赛,https://www.youtube.com/watch?v=oj4qlaVspxA,2024-09-12T17:28:06Z
《倚天屠龙记》 卷 6 - 金庸,https://www.youtube.com/watch?v=qxkG6FNAp3c,2024-09-12T15:12:14Z
《書劍恩仇錄⼭》 卷 5  - 金庸,https://www.youtube.com/watch?v=ezEFQtGOU38,2024-09-12T03:50:00Z
《射雕英雄传》 卷 4- 金庸,https://www.youtube.com/watch?v=KIbjnASjLWw,2024-09-12T03:26:50Z
《恋爱中的女人》 卷 2- 劳伦斯,https://www.youtube.com/watch?v=qALyDhfALfw,2024-09-12T01:32:25Z
《笑傲江湖》 卷 5 - 金庸,https://www.youtube.com/watch?v=ZaoaQxyJ8Uc,2024-09-10T22:06:10Z
《天龙八部》 卷 8 - 金庸,https://www.youtube.com/watch?v=t-VM3phFO48,2024-09-10T20:18:03Z
《碧血劍》 卷 5-金庸,https://www.youtube.com/watch?v=9v87gZGTH3A,2024-09-10T12:55:31Z
《倚天屠龙记》 卷 5 - 金庸,https://www.youtube.com/watch?v=sQBL08bYZLw,2024-09-10T04:13:04Z
《恋爱中的女人》 卷 1- 劳伦斯,https://www.youtube.com/watch?v=Qoa5pwrnUFA,2024-09-10T00:25:36Z
《書劍恩仇錄⼭》 卷 4  - 金庸,https://www.youtube.com/watch?v=gWeQcMmvCQE,2024-09-09T14:47:01Z
《鹿鼎记》 卷 4 - 金庸,https://www.youtube.com/watch?v=8Wmuf3-e1QY,2024-09-09T14:39:09Z
《射雕英雄传》 卷 3- 金庸RollingClips Fec combined,https://www.youtube.com/watch?v=D8kesyoQoAE,2024-09-09T05:56:09Z
《嘉莉妹妹》 卷 1- 西奥多·德莱赛,https://www.youtube.com/watch?v=RkxvGHLlkFs,2024-09-09T04:19:35Z
《三个火枪手》 卷 7- 大仲马,https://www.youtube.com/watch?v=y6lfBU9cwHI,2024-09-09T03:50:12Z
《神雕侠侣》 卷 4-金庸,https://www.youtube.com/watch?v=pCmdiPmir18,2024-09-08T23:41:10Z
《倚天屠龙记》 卷 4 - 金庸,https://www.youtube.com/watch?v=at9sfBio8gI,2024-09-08T22:10:23Z
《笑傲江湖》 卷 4 - 金庸,https://www.youtube.com/watch?v=_b4uwrN2Ons,2024-09-08T21:50:48Z
《三个火枪手》 卷 6- 大仲马,https://www.youtube.com/watch?v=nZtrU8K6BGk,2024-09-08T13:55:37Z
《天龙八部》 卷 7 - 金庸,https://www.youtube.com/watch?v=w14iZ73OoMs,2024-09-08T06:50:02Z
《碧血劍》 卷 4-金庸,https://www.youtube.com/watch?v=EWoQmzqQ5s8,2024-09-08T06:38:22Z
《恋爱中的女人》 卷 1- 劳伦斯,https://www.youtube.com/watch?v=YK0mkNrSZUA,2024-09-08T05:08:26Z
《三个火枪手》 卷 5- 大仲马,https://www.youtube.com/watch?v=fe8sc8F1g6k,2024-09-07T11:29:08Z
《倚天屠龙记》 卷 3 - 金庸,https://www.youtube.com/watch?v=RKifA2wfCOk,2024-09-07T08:27:35Z
《鹿鼎记》 卷 3 - 金庸,https://www.youtube.com/watch?v=aiuP9vkfVsc,2024-09-07T08:25:03Z
《神雕侠侣》 卷 3-金庸,https://www.youtube.com/watch?v=uujdX1khm30,2024-09-07T07:34:01Z
《灵⼭》 卷 4  - 高行健,https://www.youtube.com/watch?v=-w0HvAWqvOk,2024-09-07T04:47:44Z
《三个火枪手》 卷 4- 大仲马,https://www.youtube.com/watch?v=-QrsMzyyGsM,2024-09-07T01:55:03Z
《射雕英雄传》 卷 2- 金庸,https://www.youtube.com/watch?v=zwU0t7zWsRI,2024-09-06T09:05:53Z
《笑傲江湖》 卷 3 - 金庸,https://www.youtube.com/watch?v=cgg9pL_A6ZA,2024-09-06T08:50:37Z
《碧血劍》 卷 3-金庸,https://www.youtube.com/watch?v=l2rUsJXQJsc,2024-09-06T08:50:18Z
《書劍恩仇錄⼭》 卷 2  - 金庸,https://www.youtube.com/watch?v=Ykw3oEiw3tU,2024-09-06T08:20:06Z
《天龙八部》 卷 6 - 金庸,https://www.youtube.com/watch?v=sAmgaEYKH1A,2024-09-06T07:07:42Z
《⼀个⼈的圣经》 卷 3  - 高行健,https://www.youtube.com/watch?v=bPhSaGmieGM,2024-09-05T12:51:57Z
《三个火枪手》 卷 3- 大仲马,https://www.youtube.com/watch?v=yIr--qJB3Iw,2024-09-05T12:04:01Z
《灵⼭》 卷 3  - 高行健,https://www.youtube.com/watch?v=K_3G2bqJTjk,2024-09-05T04:54:39Z
《鹿鼎记》 卷 1 - 金庸,https://www.youtube.com/watch?v=BYJoamV2PnM,2024-09-05T04:22:51Z
《神雕侠侣》 卷 2-金庸,https://www.youtube.com/watch?v=X8ZebzxVqYg,2024-09-05T04:20:56Z
《鹿鼎记》 卷 2 - 金庸,https://www.youtube.com/watch?v=ezBojJ7oEo8,2024-09-05T04:18:03Z
《笑傲江湖》 卷 2 - 金庸,https://www.youtube.com/watch?v=rHO1QmEEb1I,2024-09-04T21:44:16Z
《碧血劍》 卷 2-金庸,https://www.youtube.com/watch?v=1G30m1pVLr4,2024-09-04T08:23:13Z
《書劍恩仇錄⼭》 卷 2  - 金庸,https://www.youtube.com/watch?v=S35oj16B1RQ,2024-09-04T07:13:20Z
《天龙八部》 卷 5 - 金庸,https://www.youtube.com/watch?v=VtpEBGLV3o4,2024-09-04T02:20:31Z
《三个火枪手》 卷 2- 大仲马,https://www.youtube.com/watch?v=YL839S1uMrA,2024-09-03T21:59:46Z
《灵⼭》 卷 2  - 高行健,https://www.youtube.com/watch?v=D8cUoV1LMCI,2024-09-03T14:42:29Z
《射雕英雄传》 卷 1- 金庸,https://www.youtube.com/watch?v=hREIyQdkyJU,2024-09-03T04:21:54Z
《碧血劍》 卷 1-金庸,https://www.youtube.com/watch?v=SV4XNKbtxKw,2024-09-02T15:27:46Z
《西游记》 卷 9 - 吴承恩,https://www.youtube.com/watch?v=_0oeTdCz-rs,2024-09-02T15:11:13Z
《⼀个⼈的圣经》 卷 1  - 高行健,https://www.youtube.com/watch?v=XGCuLVO3PCg,2024-09-02T15:04:19Z
《書劍恩仇錄⼭》 卷 1  - 金庸,https://www.youtube.com/watch?v=UZW_D68STW0,2024-09-02T07:08:02Z
《神雕侠侣》 卷 1-金庸,https://www.youtube.com/watch?v=51iUwyqavHc,2024-09-02T06:17:24Z
《灵⼭》 卷 1  - 高行健,https://www.youtube.com/watch?v=YCBux9CJ8gU,2024-09-02T05:46:46Z
《笑傲江湖》 卷 1 - 金庸,https://www.youtube.com/watch?v=CxLnw3Cl9d8,2024-09-02T01:26:52Z
《倚天屠龙记》 卷 1 - 金庸,https://www.youtube.com/watch?v=v-NZnLxFl4g,2024-09-01T22:46:13Z
《三个火枪手》 卷 1- 大仲马,https://www.youtube.com/watch?v=JrjVVMdUC14,2024-09-01T21:30:15Z
《西游记》 卷 8 - 吴承恩,https://www.youtube.com/watch?v=YZeT115QmbU,2024-08-31T20:18:43Z
《西游记》 卷 7 - 吴承恩,https://www.youtube.com/watch?v=qBjAMiMDHUU,2024-08-31T20:14:49Z
《天龙八部》 卷 3 - 金庸,https://www.youtube.com/watch?v=nm9PcLnjcOg,2024-08-31T17:09:30Z
《天龙八部》 卷 4 - 金庸,https://www.youtube.com/watch?v=8b1EMjMhcSo,2024-08-31T17:03:27Z
《欧也妮·葛朗台》 卷 1- 巴尔扎克,https://www.youtube.com/watch?v=L7NdMfL-X6Y,2024-08-31T15:38:51Z
《天龙八部》 卷 2 - 金庸,https://www.youtube.com/watch?v=kUc0fQtCQMo,2024-08-31T10:21:16Z
《西游记》 卷 4 - 吴承恩,https://www.youtube.com/watch?v=g86kspbjt3M,2024-08-31T09:54:37Z
《西游记》 卷 6 - 吴承恩,https://www.youtube.com/watch?v=lyRsoMAoQxU,2024-08-31T09:51:06Z
《西游记》 卷 5 - 吴承恩,https://www.youtube.com/watch?v=AXRXF4IgPqY,2024-08-31T09:45:02Z
《欧也妮·葛朗台》 卷 2- 巴尔扎克,https://www.youtube.com/watch?v=NFtZumtsceE,2024-08-31T05:57:52Z
《西游记》 卷 2 - 吴承恩,https://www.youtube.com/watch?v=JhWpCDxqme8,2024-08-30T22:32:51Z
《西游记》 卷 3 - 吴承恩,https://www.youtube.com/watch?v=yGv4kx8um4k,2024-08-30T22:31:36Z
《日瓦戈医生》 卷 1- 鲍里斯·帕斯捷尔纳克,https://www.youtube.com/watch?v=qCpiEVhsqio,2024-08-29T21:31:16Z
《天龙八部》 卷 1 - 金庸,https://www.youtube.com/watch?v=dUOJW7mgImE,2024-08-29T12:36:40Z
《西游记》 卷 1 - 吴承恩,https://www.youtube.com/watch?v=NqNmlhVc1Ks,2024-08-29T10:32:34Z
"《水浒传》 卷 10 - 施耐庵,罗贯中",https://www.youtube.com/watch?v=09L0_DuHelI,2024-08-29T06:36:01Z
"《水浒传》 卷 9 - 施耐庵,罗贯中",https://www.youtube.com/watch?v=6R59oz5yA58,2024-08-29T06:32:12Z
"《水浒传》 卷 7 - 施耐庵,罗贯中",https://www.youtube.com/watch?v=XtVqKB-VdtM,2024-08-29T04:30:25Z
"《水浒传》 卷 8 - 施耐庵,罗贯中",https://www.youtube.com/watch?v=BaWD76bleas,2024-08-29T03:05:58Z
《鲁滨逊漂流记》 卷 2 - 丹尼尔·笛福,https://www.youtube.com/watch?v=5lKHDtqCJmk,2024-08-29T02:30:52Z
《野性的呼唤》 卷 1 - 杰克·伦敦,https://www.youtube.com/watch?v=_vLxz0LPQSQ,2024-08-28T11:06:35Z
《玩笑》 卷 2 - 米兰·昆德拉,https://www.youtube.com/watch?v=kNalr2GG8EA,2024-08-28T10:07:22Z
《玩笑》 卷 1 - 米兰·昆德拉,https://www.youtube.com/watch?v=ZonlLX74soc,2024-08-28T07:04:34Z
"《水浒传》 卷 5 - 施耐庵,罗贯中",https://www.youtube.com/watch?v=YBNn85vPoEQ,2024-08-27T20:22:53Z
"《水浒传》 卷 6 - 施耐庵,罗贯中",https://www.youtube.com/watch?v=0XihoK7KeC8,2024-08-27T18:29:56Z
"《水浒传》 卷 4 - 施耐庵,罗贯中",https://www.youtube.com/watch?v=kEIlbFart2c,2024-08-27T15:46:23Z
"《水浒传》 卷 3 - 施耐庵,罗贯中",https://www.youtube.com/watch?v=TNag8ECoV9A,2024-08-27T15:31:16Z
《鲁滨逊漂流记》 卷 1 - 丹尼尔·笛福,https://www.youtube.com/watch?v=EN1DXiM7nhU,2024-08-27T03:09:55Z
《娜娜》 卷 3 - 左拉,https://www.youtube.com/watch?v=CweQ5MBfIok,2024-08-26T13:05:57Z
"""Nana"" Volume 2 - Émile Zola",https://www.youtube.com/watch?v=GwQYPUwMt_s,2024-08-26T08:08:13Z
"《水浒传》 卷 1 - 施耐庵,罗贯中",https://www.youtube.com/watch?v=0WE0gJAn9x4,2024-08-26T06:57:15Z
"《水浒传》 卷 2 - 施耐庵,罗贯中",https://www.youtube.com/watch?v=GfSeHnSPI7o,2024-08-26T06:53:54Z
《三国演义》 卷 11 - 罗贯中,https://www.youtube.com/watch?v=7zvNxdY1L6c,2024-08-25T14:31:28Z
《三国演义》卷 12  第 111 - 120 回 - 罗贯中,https://www.youtube.com/watch?v=j-ZlwboawXM,2024-08-25T12:50:07Z
《娜娜》 卷 1 - 左拉,https://www.youtube.com/watch?v=OgAKJfsQXSI,2024-08-25T04:37:21Z
《三国演义》 卷 9 - 罗贯中,https://www.youtube.com/watch?v=F1L7J5O_418,2024-08-24T20:47:10Z
《三国演义》 卷 10 - 罗贯中,https://www.youtube.com/watch?v=tZXlOGCQZPY,2024-08-24T20:06:42Z
《十日谈》 卷 2 - 乔万尼·薄伽丘,https://www.youtube.com/watch?v=tb_VoDUdKa0,2024-08-24T19:51:43Z
《三国演义》 卷 7 - 罗贯中,https://www.youtube.com/watch?v=x01uVLiiL3c,2024-08-24T19:16:12Z
《三国演义》 卷 6 - 罗贯中,https://www.youtube.com/watch?v=6BfHbFP-FTA,2024-08-24T18:47:04Z
《三国演义》 卷 8 - 罗贯中,https://www.youtube.com/watch?v=BdAoCE-Yy20,2024-08-24T18:21:28Z
《战争与和平》 卷 15 - 列夫·尼古拉耶维奇·托尔斯泰,https://www.youtube.com/watch?v=Wx2HvG-m548,2024-08-24T00:37:18Z
《三国演义》 卷 2 - 罗贯中,https://www.youtube.com/watch?v=wbmEBbBeHwg,2024-08-23T07:59:20Z
《三国演义》 卷 4 - 罗贯中,https://www.youtube.com/watch?v=mxWhzY5VKC0,2024-08-23T07:41:10Z
《三国演义》 卷 3 - 罗贯中,https://www.youtube.com/watch?v=1_jcx23Wc4Q,2024-08-23T07:40:34Z
《三国演义》 卷 1 - 罗贯中,https://www.youtube.com/watch?v=gztg5cWdXOw,2024-08-23T07:39:36Z
《三国演义》 卷 5 - 罗贯中,https://www.youtube.com/watch?v=-r9F7OSPIZU,2024-08-23T07:29:43Z
《战争与和平》 卷 14 - 列夫·尼古拉耶维奇·托尔斯泰,https://www.youtube.com/watch?v=NdUWWO19l2g,2024-08-23T01:52:10Z
《战争与和平》 卷 13 - 列夫·尼古拉耶维奇·托尔斯泰,https://www.youtube.com/watch?v=ayBI5SmbMuM,2024-08-22T19:46:27Z
《傲慢与偏见》 卷 3 - 珍·奧斯汀,https://www.youtube.com/watch?v=Nx0oEjLvaP0,2024-08-22T07:06:21Z
《儿子与情人》 卷 1 - 戴·赫·劳伦斯,https://www.youtube.com/watch?v=u0tczEQ1PgA,2024-08-22T07:06:17Z
《战争与和平》 卷 10 - 列夫·尼古拉耶维奇·托尔斯泰,https://www.youtube.com/watch?v=k9IazJldT6Q,2024-08-22T06:58:16Z
《十日谈》 卷 1 - 乔万尼·薄伽丘,https://www.youtube.com/watch?v=r3F0QE1jz9M,2024-08-22T06:34:57Z
《猎人笔记》 卷 2 - 伊万·谢尔盖耶维奇·屠格涅夫,https://www.youtube.com/watch?v=5KNEAc3lfjo,2024-08-22T05:54:34Z
《战争与和平》 卷 11 - 列夫·尼古拉耶维奇·托尔斯泰,https://www.youtube.com/watch?v=Ow_YtNyRZeU,2024-08-22T05:39:56Z
《儿子与情人》 卷 2 - 戴·赫·劳伦斯,https://www.youtube.com/watch?v=2aL8R6KXXOc,2024-08-22T04:51:31Z
《战争与和平》 卷 12 - 列夫·尼古拉耶维奇·托尔斯泰,https://www.youtube.com/watch?v=p92YS2_C6yA,2024-08-22T03:44:13Z
《战争与和平》 卷 9 - 列夫·尼古拉耶维奇·托尔斯泰,https://www.youtube.com/watch?v=HxcSPw-H94Y,2024-08-20T13:52:15Z
《傲慢与偏见》 卷 1 - 珍·奧斯汀,https://www.youtube.com/watch?v=CfoYHC5b4HY,2024-08-20T02:42:43Z
《傲慢与偏见》 卷 2 - 珍·奧斯汀,https://www.youtube.com/watch?v=o0v5rawD4xo,2024-08-20T02:27:53Z
《战争与和平》 卷 8 - 列夫·尼古拉耶维奇·托尔斯泰,https://www.youtube.com/watch?v=fFjAkDtoy1o,2024-08-20T01:56:16Z
《猎人笔记》 卷 1 - 伊万·谢尔盖耶维奇·屠格涅夫,https://www.youtube.com/watch?v=rdtd77pj8bU,2024-08-19T12:32:18Z
《战争与和平》 卷 7 - 列夫·尼古拉耶维奇·托尔斯泰,https://www.youtube.com/watch?v=w_DtQVd5kRo,2024-08-19T11:52:35Z
《觉醒》 - 凯特·肖邦,https://www.youtube.com/watch?v=UgB0Fgy0Mas,2024-08-19T04:50:06Z
《战争与和平》 卷 6 - 列夫·尼古拉耶维奇·托尔斯泰,https://www.youtube.com/watch?v=nHaXgZb9B04,2024-08-19T02:58:55Z
《战争与和平》 卷 5 - 列夫·尼古拉耶维奇·托尔斯泰,https://www.youtube.com/watch?v=K6yEAFRq3II,2024-08-18T21:20:04Z
《战争与和平》 卷 3 - 列夫·尼古拉耶维奇·托尔斯泰,https://www.youtube.com/watch?v=fb0tJHNFuUk,2024-08-18T16:38:56Z
《安娜·卡列尼娜》 卷 7 - 列夫·托爾斯泰,https://www.youtube.com/watch?v=YUgcluzpXgQ,2024-08-18T14:51:46Z
《安娜·卡列尼娜》 卷 8 - 列夫·托爾斯泰,https://www.youtube.com/watch?v=fU1431Pi-D0,2024-08-18T13:27:29Z
《战争与和平》 卷 4 - 列夫·尼古拉耶维奇·托尔斯泰,https://www.youtube.com/watch?v=Scu9PMejr5E,2024-08-17T21:58:28Z
《安娜·卡列尼娜》 卷 6 - 列夫·托爾斯泰,https://www.youtube.com/watch?v=2rEhNbyS-P8,2024-08-17T13:15:03Z
《安娜·卡列尼娜》 卷 5 - 列夫·托爾斯泰,https://www.youtube.com/watch?v=6ALZKXarPHU,2024-08-17T04:20:03Z
《战争与和平》 卷 2 - 列夫·尼古拉耶维奇·托尔斯泰,https://www.youtube.com/watch?v=rdKKZQs7GfY,2024-08-17T04:02:26Z
《铁皮鼓》 卷 4 - 君特·格拉斯,https://www.youtube.com/watch?v=dwBfZPoLPtk,2024-08-17T00:44:19Z
《战争与和平》 卷 1 - 列夫·尼古拉耶维奇·托尔斯泰,https://www.youtube.com/watch?v=5EEZ4iMJJhQ,2024-08-16T11:52:05Z
《一千零一夜》 - 卷 3,https://www.youtube.com/watch?v=kGdig33ypFs,2024-08-16T04:24:18Z
《安娜·卡列尼娜》 卷 4 - 列夫·托爾斯泰,https://www.youtube.com/watch?v=QqTFkWBfJYI,2024-08-16T04:14:04Z
《铁皮鼓》 卷 3 - 君特·格拉斯,https://www.youtube.com/watch?v=RQ-jPGCa-5k,2024-08-15T11:14:14Z
《一千零一夜》 - 卷 2,https://www.youtube.com/watch?v=hZqM95XNFjE,2024-08-15T01:56:04Z
《铁皮鼓》 卷 1 - 君特·格拉斯,https://www.youtube.com/watch?v=JDVR0al8D8Q,2024-08-14T12:34:02Z
《一千零一夜》 - 卷 1,https://www.youtube.com/watch?v=xOJxG6vVzlc,2024-08-14T11:08:42Z
《铁皮鼓》 卷 2 - 君特·格拉斯,https://www.youtube.com/watch?v=r40nNXUWq9A,2024-08-13T23:47:35Z
《上尉的女儿》 - 弗拉基米尔·纳博科夫,https://www.youtube.com/watch?v=5IL-kznDN04,2024-08-13T13:19:02Z
《美丽与悲哀》 - 川端康成,https://www.youtube.com/watch?v=j0x2P2THLSA,2024-08-13T13:13:54Z
《安娜·卡列尼娜》 卷 2 - 列夫·托爾斯泰,https://www.youtube.com/watch?v=n5WmNLdwEiw,2024-08-12T03:41:05Z
《古都》 - 川端康成,https://www.youtube.com/watch?v=lhLX6J7V0-I,2024-08-12T03:30:58Z
《为了告别的聚会》 - 米兰·昆德拉,https://www.youtube.com/watch?v=TGXA42Agzhk,2024-08-11T05:03:58Z
《茶花女》 卷 1 - 小仲马,https://www.youtube.com/watch?v=h5cTTRCx-0I,2024-08-11T04:57:29Z
《茶花女》 卷 2 - 小仲马,https://www.youtube.com/watch?v=tT1CY2M50fM,2024-08-11T04:52:09Z
《安娜·卡列尼娜》 卷 1 - 列夫·托爾斯泰,https://www.youtube.com/watch?v=QqVjsE-80Wo,2024-08-10T02:45:07Z
《洛丽塔》 卷 2 - 弗拉基米尔·纳博科夫,https://www.youtube.com/watch?v=DMPHWKeuqdc,2024-08-10T02:28:30Z
《悲惨世界》 卷 6 - 维克多·雨果,https://www.youtube.com/watch?v=sgWokR2G5aM,2024-08-09T02:52:34Z
《洛丽塔》 卷 1 - 弗拉基米尔·纳博科夫,https://www.youtube.com/watch?v=wG8HrXIfDYw,2024-08-08T13:43:53Z
《悲惨世界》 卷 4 - 维克多·雨果,https://www.youtube.com/watch?v=_-dkRrnkKro,2024-08-08T02:46:24Z
《悲惨世界》 卷 5 - 维克多·雨果,https://www.youtube.com/watch?v=W9UJITMPdZ8,2024-08-08T02:25:45Z
《爱弥儿》 卷 4 - 卢梭,https://www.youtube.com/watch?v=ghOqD-NnHek,2024-08-07T14:09:52Z
《乌托邦》 卷 1 - 托马斯·莫尔,https://www.youtube.com/watch?v=lpajgUfgOQU,2024-08-07T13:41:27Z
《悲惨世界》 卷 3 - 维克多·雨果,https://www.youtube.com/watch?v=4O_e362mY1c,2024-08-07T01:13:20Z
《悲惨世界》 卷 2 - 维克多·雨果,https://www.youtube.com/watch?v=33apsUtTjyg,2024-08-06T12:12:02Z
《悲惨世界》 卷 1 - 维克多·雨果,https://www.youtube.com/watch?v=LfKm0V_jGos,2024-08-05T11:34:09Z
《金瓶梅-崇祯版》 女声- 蘭陵笑笑生　第 71-80 囬,https://www.youtube.com/watch?v=AG1YM2SrpoI,2024-08-05T04:02:32Z
《金瓶梅-崇祯版》 女声- 蘭陵笑笑生　第 91-100 囬,https://www.youtube.com/watch?v=vANBOAhHfYM,2024-08-05T03:08:35Z
《百年孤独》 卷 3 - 加西亚·马尔克斯,https://www.youtube.com/watch?v=hIlINkf50RU,2024-08-05T02:39:34Z
《父与子》 卷 2 - 屠格涅夫,https://www.youtube.com/watch?v=bL8y4vEvNq0,2024-08-05T02:16:51Z
《父与子》 卷 1 - 屠格涅夫,https://www.youtube.com/watch?v=bW9-CQ1ACRY,2024-08-05T02:13:46Z
《百年孤独》 卷 2 - 加西亚·马尔克斯,https://www.youtube.com/watch?v=ML3GRwhYA28,2024-08-04T16:58:23Z
《金瓶梅-崇祯版》 女声- 蘭陵笑笑生　第 61-70 囬,https://www.youtube.com/watch?v=pXX_zlKgNfw,2024-08-04T16:27:33Z
《百年孤独》 卷 1 - 加西亚·马尔克斯,https://www.youtube.com/watch?v=XPceKgD5uas,2024-08-04T15:48:22Z
《金瓶梅-崇祯版》 女声- 蘭陵笑笑生　第 81-90 囬,https://www.youtube.com/watch?v=9JvnWBF4xG0,2024-08-04T15:12:59Z
《爱弥儿》 卷 2 - 卢梭,https://www.youtube.com/watch?v=YfXuC8UdkI4,2024-08-04T14:44:25Z
《金瓶梅-崇祯版》 女声- 蘭陵笑笑生　第 51-60 囬,https://www.youtube.com/watch?v=PWxi93weZGo,2024-08-03T16:28:40Z
《金瓶梅-崇祯版》 女声- 蘭陵笑笑生　第 41-50 囬,https://www.youtube.com/watch?v=7N4NXROQEN8,2024-08-03T12:06:30Z
《钢铁是怎样炼成的》 卷 1 - 尼古拉·奥斯特洛夫斯,https://www.youtube.com/watch?v=iUs2tWa_ql4,2024-08-03T03:58:40Z
《金瓶梅-崇祯版》 女声- 蘭陵笑笑生　第 31-40 囬,https://www.youtube.com/watch?v=CYTKXg2HIpI,2024-08-03T02:40:50Z
《超新星纪元》 卷 2 - 刘慈欣,https://www.youtube.com/watch?v=65oBHe9Uzoc,2024-08-03T02:40:22Z
《金瓶梅-崇祯版》 女声- 蘭陵笑笑生　第 21-30 囬,https://www.youtube.com/watch?v=XgOoVQ8v_Kw,2024-08-02T23:10:34Z
《超新星纪元》 卷 1 - 刘慈欣,https://www.youtube.com/watch?v=T9kOg0Of-AI,2024-08-02T12:55:21Z
《金瓶梅-崇祯版》 女声- 蘭陵笑笑生　第 11-20 囬,https://www.youtube.com/watch?v=9SUrlUytEjk,2024-08-02T12:09:51Z
《白牙》 卷 2 - 米哈伊尔·布尔加科夫,https://www.youtube.com/watch?v=2uKxfom-UOQ,2024-08-02T02:37:49Z
《金瓶梅-崇祯版》 女声- 蘭陵笑笑生　第 1-10 囬,https://www.youtube.com/watch?v=zvqLfFTQzDQ,2024-08-02T00:02:58Z
《爱弥儿》 卷 1 - 卢梭,https://www.youtube.com/watch?v=cJAHov-rNpI,2024-08-01T12:33:32Z
《白牙》 卷 1 - 米哈伊尔·布尔加科夫,https://www.youtube.com/watch?v=DWwPCnxzfg0,2024-08-01T11:48:37Z
《巴黎圣母院》 卷 3 - 雨果著,https://www.youtube.com/watch?v=fg1HeyrdJkE,2024-07-31T12:09:11Z
《三体3：死神永生》 卷 1 - 刘慈欣,https://www.youtube.com/watch?v=gKOUUBct0jk,2024-07-31T08:23:54Z
《三体3：死神永生》 卷 2 - 刘慈欣,https://www.youtube.com/watch?v=NJx2w3nNxbc,2024-07-31T07:36:33Z
《三体3：死神永生》 卷 3 - 刘慈欣,https://www.youtube.com/watch?v=Ftx1RTdrUUY,2024-07-31T06:21:39Z
《巴黎圣母院》 卷 2 - 雨果著,https://www.youtube.com/watch?v=6EiseQvnEdw,2024-07-31T00:08:12Z
《三体2：黑暗森林》 卷 3 - 刘慈欣,https://www.youtube.com/watch?v=jARnlaHJh_A,2024-07-30T14:40:10Z
《金瓶梅-崇祯版》- 蘭陵笑笑生　第 70-80 囬,https://www.youtube.com/watch?v=Opl6Ka2dJ2c,2024-07-30T14:13:16Z
《金瓶梅-崇祯版》- 蘭陵笑笑生　第 91-100 囬,https://www.youtube.com/watch?v=pVX_iSSDgQc,2024-07-30T04:58:20Z
《布登勃洛克一家》 卷 4 - 托马斯·曼,https://www.youtube.com/watch?v=89DI4JWUvxo,2024-07-30T00:19:20Z
《金瓶梅-崇祯版》- 蘭陵笑笑生　第 81-90 囬,https://www.youtube.com/watch?v=tcvtuKFXqWk,2024-07-29T11:41:50Z
《三体2：黑暗森林》 卷 2 - 刘慈欣,https://www.youtube.com/watch?v=zGvDoqN1ysE,2024-07-28T20:55:42Z
《巴黎圣母院》 卷 1 - 雨果著,https://www.youtube.com/watch?v=boE-IzGr3OI,2024-07-28T17:43:11Z
《金瓶梅-崇祯版》- 蘭陵笑笑生　第 61-69 囬,https://www.youtube.com/watch?v=1urovNkxEnI,2024-07-28T16:13:22Z
"""安徒生童话"" 卷 2 - 安徒生",https://www.youtube.com/watch?v=wHP2PcCN1xo,2024-07-28T14:19:00Z
《三体2：黑暗森林》 卷 1 - 刘慈欣,https://www.youtube.com/watch?v=9WR-IPDvveM,2024-07-28T04:17:42Z
《金瓶梅-崇祯版》- 蘭陵笑笑生　第 51-60 囬,https://www.youtube.com/watch?v=1E6tfiyYsXE,2024-07-28T03:38:18Z
"""安徒生童话"" 卷 1 - 安徒生",https://www.youtube.com/watch?v=YBkfTwzOtJo,2024-07-28T02:40:28Z
《三体》 卷 1 - 刘慈欣,https://www.youtube.com/watch?v=-IJj3dkzRnU,2024-07-27T20:53:24Z
《布登勃洛克一家》 卷 3 - 托马斯·曼,https://www.youtube.com/watch?v=XxHRJxKiv9g,2024-07-27T14:28:00Z
"""带发条的桔子"" - 安东尼·伯吉斯",https://www.youtube.com/watch?v=4fntDiNJxRw,2024-07-27T13:49:53Z
《三体》 卷 2 - 刘慈欣,https://www.youtube.com/watch?v=w3iNcjos7tw,2024-07-27T06:52:21Z
《金瓶梅-崇祯版》- 蘭陵笑笑生　第 41-50 囬,https://www.youtube.com/watch?v=gEzPRWHO6BU,2024-07-27T05:44:07Z
《金瓶梅-崇祯版》- 蘭陵笑笑生　第 31-40 囬,https://www.youtube.com/watch?v=N3S1bz4Pb_s,2024-07-26T14:05:11Z
《金瓶梅-崇祯版》- 蘭陵笑笑生　第 21-30 囬,https://www.youtube.com/watch?v=l0Ean9jiDJs,2024-07-26T12:13:36Z
《球状闪电》 卷 2 - 刘慈欣,https://www.youtube.com/watch?v=RJheP9l0_WQ,2024-07-25T11:47:40Z
《金瓶梅-崇祯版》- 蘭陵笑笑生　第 11-20 囬,https://www.youtube.com/watch?v=iSayj___e70,2024-07-25T03:13:21Z
《球状闪电》 卷 1 - 刘慈欣,https://www.youtube.com/watch?v=H3ZBss1LoQE,2024-07-24T15:50:47Z
《愤怒的葡萄》 卷 1 - 约翰·史坦贝克,https://www.youtube.com/watch?v=evkVGzyojQ8,2024-07-24T15:09:56Z
《金瓶梅-崇祯版》- 蘭陵笑笑生　第 1-10 囬,https://www.youtube.com/watch?v=hTPQhJVrKOM,2024-07-24T14:10:13Z
《复活》 卷 2 - 列夫·托尔斯泰,https://www.youtube.com/watch?v=h2ZPi4qfAa8,2024-07-23T12:28:29Z
《复活》 卷 3- 列夫·托尔斯泰,https://www.youtube.com/watch?v=LoeLju8dwWI,2024-07-23T02:17:08Z
《恶心》 卷 1 - 让—保罗.萨特,https://www.youtube.com/watch?v=KpHIHeDFN6I,2024-07-23T00:46:20Z
《布登勃洛克一家》 卷 2 - 托马斯·曼,https://www.youtube.com/watch?v=P_BKt0tkyts,2024-07-21T20:31:12Z
《布登勃洛克一家》 卷 1 - 托马斯·曼,https://www.youtube.com/watch?v=vrRr-orVaKg,2024-07-21T04:26:19Z
《恶心》 卷 2 - 让—保罗.萨特,https://www.youtube.com/watch?v=jpc0zDlfhsI,2024-07-21T03:22:23Z
《复活》 卷 1 - 列夫·托尔斯泰,https://www.youtube.com/watch?v=wgv1jzvaoxQ,2024-07-20T22:00:34Z
《第二十二条军规》 卷 2 - 约瑟夫·海勒,https://www.youtube.com/watch?v=WCwPrYh3LsA,2024-07-20T18:36:33Z
《癌症楼》 卷 3 - 亚历山大·索尔仁尼琴,https://www.youtube.com/watch?v=unVNrqhgJZA,2024-07-19T22:04:01Z
《第二十二条军规》 卷 1- 约瑟夫·海勒,https://www.youtube.com/watch?v=_GdxPxCTvzY,2024-07-19T16:09:36Z
《罪与罚》 卷 3- 陀思妥·耶夫斯基,https://www.youtube.com/watch?v=C2sUptg88ck,2024-07-19T15:45:12Z
《癌症楼》 卷 2 - 亚历山大·索尔仁尼琴,https://www.youtube.com/watch?v=8z_KpKlBSxI,2024-07-17T23:50:06Z
《癌症楼》 卷 1 - 亚历山大·索尔仁尼琴,https://www.youtube.com/watch?v=xzxAxWSaWxk,2024-07-17T11:48:33Z
《罪与罚》 卷 2- 陀思妥·耶夫斯基,https://www.youtube.com/watch?v=tKapgBrhDzw,2024-07-17T00:02:00Z
《罪与罚》 卷 1 - 陀思妥·耶夫斯基,https://www.youtube.com/watch?v=TXYBOqCl-TA,2024-07-16T05:06:47Z
"""飘"" 卷 1 - 玛格丽特-米切尔著",https://www.youtube.com/watch?v=ykHwprIhcbg,2024-07-16T04:20:10Z
"""飘"" 卷 2 - 玛格丽特-米切尔著",https://www.youtube.com/watch?v=PWP9kBg4YL8,2024-07-16T01:26:33Z
《不朽》 卷 1- 米蘭‧昆德拉,https://www.youtube.com/watch?v=ITpZYwBh7Xs,2024-07-14T20:51:12Z
《不朽》 卷 2- 米蘭‧昆德拉,https://www.youtube.com/watch?v=pldDJ3xQXKE,2024-07-14T20:46:31Z
《大街》 卷 2 -辛克莱·刘易斯,https://www.youtube.com/watch?v=LO-sYUJmDkk,2024-07-14T19:59:39Z
《大街》卷 1---辛克莱·刘易斯,https://www.youtube.com/watch?v=_Mb0SgK2TUA,2024-07-14T19:44:02Z
《大街》 卷 3 -辛克莱·刘易斯,https://www.youtube.com/watch?v=p9pwUxP1Vaw,2024-07-14T14:52:34Z
"""本性"" 米兰·昆德拉",https://www.youtube.com/watch?v=KFv89FDNN90,2024-07-14T00:39:19Z
"中文圣经 - (和合本) 但以理书, 何西阿书,约珥书,阿摩司书,俄巴底亚书,约拿书,那鸿书,西番雅书,哈该书,撒迦利亚书,玛拉基书",https://www.youtube.com/watch?v=4px2swA4_0k,2024-07-12T20:26:06Z
"中文圣经 - (和合本) 耶利米书, 耶利米哀歌,以西结书",https://www.youtube.com/watch?v=TcmqYL-fgKs,2024-07-11T23:05:27Z
"中文圣经 - (和合本) 路加福音, 约翰福音",https://www.youtube.com/watch?v=XjbjVFG1sO4,2024-07-11T11:17:45Z
"中文圣经 - (和合本) 诗篇, 箴言, 传道书",https://www.youtube.com/watch?v=eTUIRmRvgEU,2024-07-11T03:16:53Z
"中文圣经 - (和合本) 雅歌, 以赛亚书",https://www.youtube.com/watch?v=bR9z0tMrgFE,2024-07-11T01:39:15Z
"中文圣经 - (和合本) 希伯来书, 雅各书,彼得前书,彼得后书,约翰一书,约翰二书,约翰三书,犹大书,启示录",https://www.youtube.com/watch?v=wfTMiPp-a0o,2024-07-10T10:21:54Z
老人与海 - 海明威,https://www.youtube.com/watch?v=v3dbpFmNPCw,2024-07-10T03:25:49Z
"中文圣经 - (和合本) 哥林多前书, 哥林多后书,加拉太书,以弗所书,腓立比书,歌罗西书,帖撒罗尼迦前书,帖撒罗尼迦后书,提摩太前书,提摩太后书,提多书,腓利门书",https://www.youtube.com/watch?v=Ik8dRKmKV-I,2024-07-09T03:24:52Z
"中文圣经 - (和合本) 使徒行传, 罗马书",https://www.youtube.com/watch?v=fMlKqY62nKo,2024-07-09T03:15:38Z
"中文圣经 - (和合本) 历代志上, 历代志下",https://www.youtube.com/watch?v=CB_m9dESXbo,2024-07-08T23:46:10Z
"中文圣经 - (和合本) 以斯拉记, 尼希米记,以斯帖记,约伯记",https://www.youtube.com/watch?v=sKTvWMCo-zI,2024-07-08T23:45:31Z
"中文圣经 - (和合本) 路加福音, 约翰福音",https://www.youtube.com/watch?v=QzCrbwViDco,2024-07-07T22:49:53Z
《梦的释译》 - 西格蒙德·弗洛伊德  第 6 章,https://www.youtube.com/watch?v=lzO6xz27oow,2024-07-07T14:08:59Z
"中文圣经 - (和合本) 马太福音, 马可福音",https://www.youtube.com/watch?v=0mn8SZgpWoY,2024-07-07T13:52:26Z
"中文圣经 - (和合本) 列王纪上, 列王纪下",https://www.youtube.com/watch?v=KAO8DDQWdgc,2024-07-07T12:38:17Z
"中文圣经 - (和合本) 申命记, 约书亚记,士师记",https://www.youtube.com/watch?v=NG0ONw2aKC8,2024-07-07T11:13:25Z
"中文圣经 - (和合本) 利未记,民数记",https://www.youtube.com/watch?v=rhrzwjz9Zvc,2024-07-07T02:32:29Z
"中文圣经 - (和合本) 路得记, 撒母耳记上, 撒母耳记下",https://www.youtube.com/watch?v=OgTx0GFTxN8,2024-07-06T22:17:59Z
"《梦的释译》 - 西格蒙德·弗洛伊德  第 4, 5 章",https://www.youtube.com/watch?v=kWlHYBYwIZU,2024-07-05T20:32:48Z
《梦的释译》 - 西格蒙德·弗洛伊德  第7章,https://www.youtube.com/watch?v=VwAbojtRwkI,2024-07-05T18:38:19Z
《金瓶梅》 - 蘭陵笑笑生　第 71-80 囬,https://www.youtube.com/watch?v=jJZWQ7XtQrk,2024-07-05T13:16:41Z
《金瓶梅》 - 蘭陵笑笑生　第 91-100 囬,https://www.youtube.com/watch?v=MOiMUsmzZ44,2024-07-05T10:52:12Z
《金瓶梅》 - 蘭陵笑笑生　第 81-90 囬,https://www.youtube.com/watch?v=XLegAnSgaDo,2024-07-05T10:41:27Z
"《梦的释译》 - 西格蒙德·弗洛伊德  第1,2,3章",https://www.youtube.com/watch?v=C1RqLyr5dAY,2024-07-04T21:50:23Z
《金瓶梅》 - 蘭陵笑笑生　第 61-70 囬,https://www.youtube.com/watch?v=6lSbgFljL98,2024-07-04T11:07:30Z
《金瓶梅》 - 蘭陵笑笑生　第 51-60 囬,https://www.youtube.com/watch?v=TrK8-eDJ7Jg,2024-07-04T10:58:59Z
《金瓶梅》 - 蘭陵笑笑生　第 31-40 囬,https://www.youtube.com/watch?v=BAWKu0X31MQ,2024-07-03T22:15:22Z
《金瓶梅》 - 蘭陵笑笑生　第 41-50 囬,https://www.youtube.com/watch?v=WxMgO7WOpP4,2024-07-03T22:05:48Z
《金瓶梅》 - 蘭陵笑笑生　第 21-30 囬,https://www.youtube.com/watch?v=bLQGHL4PSoU,2024-07-02T11:26:09Z
《金瓶梅》 - 蘭陵笑笑生　第 11-20 囬,https://www.youtube.com/watch?v=az_rsAhOkfQ,2024-07-02T11:15:22Z
红楼梦 - 石头记 - 曹雪芹 。 第 78-99 回,https://www.youtube.com/watch?v=Fi4rPMrANyw,2024-07-02T04:55:04Z
《金瓶梅》 - 蘭陵笑笑生　第 1-10 囬,https://www.youtube.com/watch?v=KjVQ04ovTIQ,2024-07-01T02:35:02Z
红楼梦 - 石头记 - 曹雪芹 。第 100-124 回,https://www.youtube.com/watch?v=sf46EK54GQM,2024-06-30T19:16:00Z
红楼梦 - 石头记 - 曹雪芹 。第67-77 回,https://www.youtube.com/watch?v=0pjxjS6MESg,2024-06-29T03:06:30Z
红楼梦 - 石头记 - 曹雪芹 。第56-66回,https://www.youtube.com/watch?v=HepkzWUxFqA,2024-06-29T02:58:28Z
红楼梦 - 石头记 - 曹雪芹 。第 41-55 回,https://www.youtube.com/watch?v=59c3VjNNujo,2024-06-27T23:03:09Z
红楼梦 - 石头记 - 曹雪芹 。第 25-40 回,https://www.youtube.com/watch?v=8T6x3HbeOjY,2024-06-25T20:20:53Z
红楼梦 - 石头记 - 曹雪芹 第 1-24 回,https://www.youtube.com/watch?v=NWrP0jaT2uU,2024-06-25T00:46:53Z
《腓利門書 Philemon》 圣经 - 卷57,https://www.youtube.com/watch?v=zlIrRV2KJyI,2024-03-16T04:00:39Z
《腓立比書 Philippians》 圣经 - 卷50,https://www.youtube.com/watch?v=tU8pP0hbaHk,2024-03-16T04:00:35Z
《哥林多後書 2 Corinthians》 圣经 - 卷47,https://www.youtube.com/watch?v=ijco7HNz25k,2024-03-16T04:00:32Z
《希伯來書 Hebrews》 圣经 - 卷58,https://www.youtube.com/watch?v=iRUxMBMxagk,2024-03-16T04:00:31Z
《哥林多前書 1 Corinthians》 圣经 - 卷46,https://www.youtube.com/watch?v=eX8F7ie7-20,2024-03-16T04:00:30Z
《彼得後書 2 Peter》 圣经 - 卷61,https://www.youtube.com/watch?v=tEClxTSxllU,2024-03-16T04:00:27Z
《雅各書 James》 圣经 - 卷59,https://www.youtube.com/watch?v=OCRMOdBGyJo,2024-03-16T04:00:20Z
《約翰二書 2 John》 圣经 - 卷63,https://www.youtube.com/watch?v=LcwAnikAUxY,2024-03-16T04:00:18Z
《使徒行傳 Acts》 圣经 - 卷44,https://www.youtube.com/watch?v=NkPecCZiwAo,2024-03-16T04:00:17Z
《提摩太前書 1 Timothy》 圣经 - 卷54,https://www.youtube.com/watch?v=SeF4-HyDKWw,2024-03-16T04:00:17Z
《路加福音 Luke》 圣经 - 卷42,https://www.youtube.com/watch?v=ML9XWBW4VEo,2024-03-16T04:00:16Z
《以弗所書 Ephesians》 圣经 - 卷49,https://www.youtube.com/watch?v=TlbZnOe75Ug,2024-03-16T04:00:15Z
《啟示錄 Revelation》 圣经 - 卷66,https://www.youtube.com/watch?v=Pg9pNQyqZdw,2024-03-16T04:00:14Z
《提摩太後書 2 Timothy》 圣经 - 卷55,https://www.youtube.com/watch?v=R7f7LJ3f1k0,2024-03-16T04:00:14Z
《帖撒羅尼迦後書 2 Thessalonians》 圣经 - 卷53,https://www.youtube.com/watch?v=QyBzuBaAQJU,2024-03-16T04:00:13Z
《彼得前書 1 Peter》 圣经 - 卷60,https://www.youtube.com/watch?v=M0LIGw-vjy8,2024-03-16T04:00:12Z
《約翰一書 1 John》 圣经 - 卷62,https://www.youtube.com/watch?v=LAj0Hfg_ubE,2024-03-16T04:00:11Z
《加拉太書 Galatians》 圣经 - 卷48,https://www.youtube.com/watch?v=ALOIw_VvbLo,2024-03-16T04:00:07Z
《帖撒羅尼迦前書 1 Thessalonians》 圣经 - 卷52,https://www.youtube.com/watch?v=FjJNZTl3bhI,2024-03-16T04:00:07Z
《約翰福音 John》 圣经 - 卷43,https://www.youtube.com/watch?v=Au8At67m1UA,2024-03-16T04:00:05Z
《歌羅西書 Colossians》 圣经 - 卷51,https://www.youtube.com/watch?v=4lXl6aed5Wk,2024-03-16T04:00:03Z
《猶大書 Jude》 圣经 - 卷65,https://www.youtube.com/watch?v=8ZNYP10bY3c,2024-03-16T04:00:03Z
《提多書 Titus》 圣经 - 卷56,https://www.youtube.com/watch?v=ayRsY7EnIrw,2024-03-16T04:00:02Z
《羅馬書 Romans》 圣经 - 卷45,https://www.youtube.com/watch?v=3kZyoOmEBl8,2024-03-16T04:00:01Z
《約翰三書 3 John》 圣经 - 卷64,https://www.youtube.com/watch?v=3OY08_ZrIgc,2024-03-16T04:00:00Z
《瑪拉基書 Malachi》 圣经 - 卷39,https://www.youtube.com/watch?v=pQQZFRi4KKo,2024-03-15T04:00:35Z
《但以理書 Daniel》 圣经 - 卷27,https://www.youtube.com/watch?v=sCstjM-l6xw,2024-03-15T04:00:35Z
《約珥書 Joel》 圣经 - 卷29,https://www.youtube.com/watch?v=wUPMeGoSLDs,2024-03-15T04:00:35Z
《彌迦書 Micah》 圣经 - 卷33,https://www.youtube.com/watch?v=rexuR3_eqZM,2024-03-15T04:00:34Z
《以賽亞書 Isaiah》 圣经 - 卷23,https://www.youtube.com/watch?v=lBeXO4fcmbQ,2024-03-15T04:00:33Z
《雅歌 Song of Solomon》 圣经 - 卷22,https://www.youtube.com/watch?v=jxqBu0yvniQ,2024-03-15T04:00:32Z
《詩篇 Psalms》 圣经 - 卷19,https://www.youtube.com/watch?v=fRVEo9Ko-2I,2024-03-15T04:00:23Z
《馬可福音 Mark》 圣经 - 卷41,https://www.youtube.com/watch?v=p072EaBp9JU,2024-03-15T04:00:22Z
《約伯記 Job》 圣经 - 卷18,https://www.youtube.com/watch?v=hS4zkvQrn5M,2024-03-15T04:00:21Z
《哈該書 Haggai》 圣经 - 卷37,https://www.youtube.com/watch?v=gMGWpLHo4uU,2024-03-15T04:00:20Z
《那鴻書 Nahum》 圣经 - 卷34,https://www.youtube.com/watch?v=lNSj-awA-UM,2024-03-15T04:00:20Z
《馬太福音 Matthew》 圣经 - 卷40,https://www.youtube.com/watch?v=dpgaTzABhl0,2024-03-15T04:00:19Z
《約拿書 Jonah》 圣经 - 卷32,https://www.youtube.com/watch?v=YW4dYugdalM,2024-03-15T04:00:17Z
《耶利米書 Jeremiah》 圣经 - 卷24,https://www.youtube.com/watch?v=YtsLzJgaES8,2024-03-15T04:00:17Z
《撒迦利亞書 Zechariah》 圣经 - 卷38,https://www.youtube.com/watch?v=FjC_dGFZ_kc,2024-03-15T04:00:15Z
《以斯帖記 Esther》 圣经 - 卷17,https://www.youtube.com/watch?v=IPtqCf1CANc,2024-03-15T04:00:12Z
《以西結書 Ezekiel》 圣经 - 卷26,https://www.youtube.com/watch?v=OZI3cwnaTfE,2024-03-15T04:00:10Z
《約珥書 Joel》 圣经 - 卷29,https://www.youtube.com/watch?v=IZMrQtlOc3A,2024-03-15T04:00:09Z
《耶利米哀歌 Lamentations》 圣经 - 卷25,https://www.youtube.com/watch?v=8abFMiBjupU,2024-03-15T04:00:07Z
《西番雅書 Zephaniah》 圣经 - 卷36,https://www.youtube.com/watch?v=I4o0TRwLQwk,2024-03-15T04:00:07Z
《俄巴底亞書 Obadiah》 圣经 - 卷31,https://www.youtube.com/watch?v=CKKDJPJthvM,2024-03-15T04:00:06Z
《箴言 Proverbs》 圣经 - 卷20,https://www.youtube.com/watch?v=3g2jGEVe7kM,2024-03-15T04:00:04Z
《傳道書 Ecclesiastes》 圣经 - 卷21,https://www.youtube.com/watch?v=8Z8-RvmagpU,2024-03-15T04:00:04Z
《阿摩司書 Amos》 圣经 - 卷30,https://www.youtube.com/watch?v=200SAUaMyqs,2024-03-15T04:00:01Z
《哈巴谷書 Habakkuk》 圣经 - 卷35,https://www.youtube.com/watch?v=4ejKkgVypQg,2024-03-15T04:00:01Z
《何西阿書 Hosea》 圣经 - 卷28,https://www.youtube.com/watch?v=-Sp0OBt44yA,2024-03-15T04:00:00Z
《以斯拉記 Ezra》 圣经 - 卷15,https://www.youtube.com/watch?v=kPfF7fbZ4kY,2024-03-14T04:00:32Z
《列王紀上 1 Kings》 圣经 - 卷11,https://www.youtube.com/watch?v=gJAsV3QzbLo,2024-03-14T04:00:31Z
《歷代志上 1 Chronicles》 圣经 - 卷13,https://www.youtube.com/watch?v=YAlEaUXNMME,2024-03-14T04:00:26Z
《列王紀下 2 Kings》 圣经 - 卷12,https://www.youtube.com/watch?v=yHHbX9fWEdI,2024-03-14T04:00:26Z
《士師記 Judges》 圣经 - 卷7,https://www.youtube.com/watch?v=i-SAARuKs58,2024-03-14T04:00:19Z
《路得記 Ruth》 圣经 - 卷8,https://www.youtube.com/watch?v=VYTcSAqXdsU,2024-03-14T04:00:15Z
《尼希米記 Nehemiah》 圣经 - 卷16,https://www.youtube.com/watch?v=LjL2dIOcLOE,2024-03-14T04:00:08Z
《歷代志下 2 Chronicles》 圣经 - 卷14,https://www.youtube.com/watch?v=2mZbo2ZoqdQ,2024-03-14T04:00:02Z
《撒母耳記下 2 Samuel》 圣经 - 卷10,https://www.youtube.com/watch?v=815yew-SYWg,2024-03-14T04:00:02Z
《撒母耳記上 1 Samuel》 圣经 - 卷9,https://www.youtube.com/watch?v=PqKb1JMuGKE,2024-03-14T00:04:52Z
《申命記 Deuteronomy》 圣经 - 卷5,https://www.youtube.com/watch?v=eDO53psgd8U,2024-03-11T04:00:30Z
《民數記 Numbers》 圣经 - 卷4,https://www.youtube.com/watch?v=L81klpvhHV0,2024-03-11T04:00:09Z
《利未記 Leviticus》 圣经 - 卷3,https://www.youtube.com/watch?v=9xUQs_HX1zA,2024-03-11T04:00:04Z
《約書亞記 Joshua》 圣经 - 卷6,https://www.youtube.com/watch?v=529--mtKS9A,2024-03-11T04:00:01Z
《出埃及記 Exodus》 圣经 - 卷2,https://www.youtube.com/watch?v=lx1WvaXNETo,2024-03-10T05:00:21Z
《創世記 Genesis》 圣经 - 卷1,https://www.youtube.com/watch?v=2Lyk1lSVTIA,2024-03-10T05:00:00Z
《耶利米哀歌》 圣经 - 卷25,https://www.youtube.com/watch?v=z4amb7pwMRI,2024-03-07T05:00:36Z
《尼希米記》 圣经 - 卷16,https://www.youtube.com/watch?v=oidnT7VTGUs,2024-03-07T05:00:33Z
《以斯拉記》 圣经 - 卷15,https://www.youtube.com/watch?v=pGPh1c82IW4,2024-03-07T05:00:33Z
《利未記》 圣经 - 卷3,https://www.youtube.com/watch?v=eZeJw6MxqGg,2024-03-07T05:00:32Z
《但以理書》 圣经 - 卷27,https://www.youtube.com/watch?v=mjdh4L8XQFQ,2024-03-07T05:00:32Z
《阿摩司書》 圣经 - 卷30,https://www.youtube.com/watch?v=jGnd9juK0-0,2024-03-07T05:00:31Z
《申命記》 圣经 - 卷5,https://www.youtube.com/watch?v=_4EC-z8hcZU,2024-03-07T05:00:30Z
《歷代志上》 圣经 - 卷13,https://www.youtube.com/watch?v=W4djHtJ4qKs,2024-03-07T05:00:26Z
《彌迦書》 圣经 - 卷33,https://www.youtube.com/watch?v=XaJwvvognik,2024-03-07T05:00:25Z
《約拿書》 圣经 - 卷32,https://www.youtube.com/watch?v=XpQ5lEEbLiU,2024-03-07T05:00:25Z
《耶利米書》 圣经 - 卷24,https://www.youtube.com/watch?v=gqrGkC5WaRY,2024-03-07T05:00:23Z
《約書亞記》 圣经 - 卷6,https://www.youtube.com/watch?v=OjqBP0JVhXM,2024-03-07T05:00:20Z
《那鴻書》 圣经 - 卷34,https://www.youtube.com/watch?v=cmFOSvEtowA,2024-03-07T05:00:20Z
《出埃及記》 圣经 - 卷2,https://www.youtube.com/watch?v=h8HIeSAnNwo,2024-03-07T05:00:20Z
《撒母耳記下》 圣经 - 卷10,https://www.youtube.com/watch?v=O0qDeIlH828,2024-03-07T05:00:19Z
《以西結書》 圣经 - 卷26,https://www.youtube.com/watch?v=QSFYLSUh44w,2024-03-07T05:00:19Z
《歷代志下》 圣经 - 卷14,https://www.youtube.com/watch?v=_NTLDHhFYSw,2024-03-07T05:00:19Z
《約珥書》 圣经 - 卷29,https://www.youtube.com/watch?v=fQByXlxgEbA,2024-03-07T05:00:19Z
《以賽亞書》 圣经 - 卷23,https://www.youtube.com/watch?v=jaA8t0f9o_w,2024-03-07T05:00:19Z
《瑪拉基書》 圣经 - 卷39,https://www.youtube.com/watch?v=Z_OLY--FwTI,2024-03-07T05:00:18Z
《詩篇》 圣经 - 卷19,https://www.youtube.com/watch?v=d6c2u84sEFo,2024-03-07T05:00:18Z
《俄巴底亞書》 圣经 - 卷31,https://www.youtube.com/watch?v=gdh4Ed8MP_4,2024-03-07T05:00:18Z
《馬太福音》 圣经 - 卷40,https://www.youtube.com/watch?v=Wfij4R2v9X8,2024-03-07T05:00:16Z
《撒母耳記上》 圣经 - 卷9,https://www.youtube.com/watch?v=Vxz-kikD1rU,2024-03-07T05:00:14Z
《路得記》 圣经 - 卷8,https://www.youtube.com/watch?v=MuvpUWwYjSQ,2024-03-07T05:00:13Z
《雅歌》 圣经 - 卷22,https://www.youtube.com/watch?v=Mgb819TYqew,2024-03-07T05:00:12Z
《列王紀下》 圣经 - 卷12,https://www.youtube.com/watch?v=LF3ABhYLVdU,2024-03-07T05:00:10Z
《以斯帖記》 圣经 - 卷17,https://www.youtube.com/watch?v=MYBM2nhUB5o,2024-03-07T05:00:10Z
《約伯記》 圣经 - 卷18,https://www.youtube.com/watch?v=Ajt7VH3CQgk,2024-03-07T05:00:08Z
《傳道書》 圣经 - 卷21,https://www.youtube.com/watch?v=Bfb8i6EBLoU,2024-03-07T05:00:08Z
《耶利米書》 圣经 - 卷24,https://www.youtube.com/watch?v=9QTh-ok50oE,2024-03-07T05:00:07Z
《箴言》 圣经 - 卷20,https://www.youtube.com/watch?v=I_IkupZzn-U,2024-03-07T05:00:07Z
《何西阿書》 圣经 - 卷28,https://www.youtube.com/watch?v=5sJMfsLZ2Bo,2024-03-07T05:00:05Z
《創世記》 圣经 - 卷1,https://www.youtube.com/watch?v=5OQ-qqMPbKA,2024-03-07T05:00:03Z
《士師記》 圣经 - 卷7,https://www.youtube.com/watch?v=3eEw2PEhAvI,2024-03-07T05:00:02Z
《列王紀上》 圣经 - 卷11,https://www.youtube.com/watch?v=1ZeGXTZ3w1s,2024-03-07T05:00:01Z
《民數記》 圣经 - 卷4,https://www.youtube.com/watch?v=-vpscSyXXQE,2024-03-07T05:00:00Z
《腓立比書》 圣经 - 卷50,https://www.youtube.com/watch?v=pmFJqKgqlcY,2024-03-06T05:00:33Z
《約翰三書》 圣经 - 卷64,https://www.youtube.com/watch?v=b75uXnSRXec,2024-03-06T05:00:31Z
《哥林多前書》 圣经 - 卷46,https://www.youtube.com/watch?v=bKVwWzGCwqY,2024-03-06T05:00:30Z
《哈該書》 圣经 - 卷37,https://www.youtube.com/watch?v=vnvQFbm6fo4,2024-03-06T05:00:29Z
《雅各書》 圣经 - 卷59,https://www.youtube.com/watch?v=wawvlhTgR1Y,2024-03-06T05:00:28Z
《歌羅西書》 圣经 - 卷51,https://www.youtube.com/watch?v=ra5Pb-AQT2c,2024-03-06T05:00:27Z
《西番雅書》 圣经 - 卷36,https://www.youtube.com/watch?v=PQX3Ksld9Xw,2024-03-06T05:00:25Z
《提摩太前書》 圣经 - 卷54,https://www.youtube.com/watch?v=pPf9V31rxAA,2024-03-06T05:00:25Z
《哈巴谷書》 圣经 - 卷35,https://www.youtube.com/watch?v=XKGZvgnCJ-8,2024-03-06T05:00:24Z
《提多書》 圣经 - 卷56,https://www.youtube.com/watch?v=q8h-y39OwF4,2024-03-06T05:00:22Z
《撒迦利亞書》 圣经 - 卷38,https://www.youtube.com/watch?v=itZpDkN_5mM,2024-03-06T05:00:21Z
《帖撒羅尼迦前書》 圣经 - 卷52,https://www.youtube.com/watch?v=iqcq41soSTk,2024-03-06T05:00:20Z
《哥林多後書》 圣经 - 卷47,https://www.youtube.com/watch?v=jz3WDI9srdg,2024-03-06T05:00:20Z
《羅馬書》 圣经 - 卷45,https://www.youtube.com/watch?v=nzxkORLzRhs,2024-03-06T05:00:20Z
《約翰福音》 圣经 - 卷43,https://www.youtube.com/watch?v=LF2HAvL8gkY,2024-03-06T05:00:18Z
《猶大書》 圣经 - 卷65,https://www.youtube.com/watch?v=XUkMnTXlmqM,2024-03-06T05:00:18Z
《加拉太書》 圣经 - 卷48,https://www.youtube.com/watch?v=YK6OHYfMOIc,2024-03-06T05:00:16Z
《帖撒羅尼迦後書》 圣经 - 卷53,https://www.youtube.com/watch?v=NuX8BFGm8K4,2024-03-06T05:00:12Z
《以弗所書》 圣经 - 卷49,https://www.youtube.com/watch?v=BvkARfGc1q0,2024-03-06T05:00:10Z
《希伯來書》 圣经 - 卷58,https://www.youtube.com/watch?v=Cbh47DTzDgE,2024-03-06T05:00:09Z
《腓利門書》 圣经 - 卷57,https://www.youtube.com/watch?v=GZDm55-vns0,2024-03-06T05:00:09Z
《彼得前書》 圣经 - 卷60,https://www.youtube.com/watch?v=Gs4GljYVceo,2024-03-06T05:00:09Z
《馬可福音》 圣经 - 卷41,https://www.youtube.com/watch?v=LAvIY-n692A,2024-03-06T05:00:09Z
《使徒行傳》 圣经 - 卷44,https://www.youtube.com/watch?v=Hza-2yv3YNo,2024-03-06T05:00:08Z
《路加福音》 圣经 - 卷42,https://www.youtube.com/watch?v=ach1ugX15AA,2024-03-06T05:00:01Z
《約翰二書》 圣经 - 卷63,https://www.youtube.com/watch?v=-oEEPVJmstQ,2024-03-06T05:00:00Z
《提摩太後書》 圣经 - 卷55,https://www.youtube.com/watch?v=0Cs5zDPl4Hs,2024-03-06T05:00:00Z
《彼得後書》 圣经 - 卷61,https://www.youtube.com/watch?v=6rHaz7OavDQ,2024-03-06T03:32:30Z
《約翰一書》 圣经 - 卷62,https://www.youtube.com/watch?v=IdOAO8QzVb0,2024-03-06T03:27:47Z
《啟示錄》 圣经 - 卷66,https://www.youtube.com/watch?v=UcFO6y414d8,2024-03-06T03:19:31Z
"《聖經-耶利米哀歌》 ""Bible - Song of Lamentations""",https://www.youtube.com/watch?v=M2olvdDZQv0,2024-03-03T01:03:19Z
"《聖經-以賽亞書》 ""Bible - Song of Isaiah""",https://www.youtube.com/watch?v=4hAgdwR1FJI,2024-03-03T01:01:31Z
"《聖經-創世紀 第 50 章》 ""Bible - Genesis Chapter 50""",https://www.youtube.com/watch?v=JSvroXK3eNE,2024-03-02T05:00:08Z
"《聖經-創世紀 第 49 章》 ""Bible - Genesis Chapter 49""",https://www.youtube.com/watch?v=YS5Ncu_wOrg,2024-03-01T05:00:16Z
"《聖經-雅歌》 ""Bible - Song of Solomon""",https://www.youtube.com/watch?v=rgaN-KP87lk,2024-03-01T02:54:28Z
"《聖經-傳道書》 ""Bible - Ecclesiastes""",https://www.youtube.com/watch?v=5tCw1dfbl1Y,2024-03-01T02:51:19Z
"《聖經-箴言》 ""Bible - Proverbs""",https://www.youtube.com/watch?v=Zpm6gkh-brQ,2024-03-01T02:48:35Z
"《聖經-詩篇》 ""Bible - Psalms""",https://www.youtube.com/watch?v=oll0Zrg2TaM,2024-03-01T02:45:50Z
"《聖經-約伯記》 ""Bible - Job""",https://www.youtube.com/watch?v=lSkkfLq4-ZU,2024-03-01T02:41:26Z
"《聖經-以斯帖記》 ""Bible - Esther""",https://www.youtube.com/watch?v=lU-ldmrLIcI,2024-03-01T02:34:56Z
"《聖經-創世紀 第 48 章》 ""Bible - Genesis Chapter 48""",https://www.youtube.com/watch?v=4ZlKZtL13F0,2024-02-29T05:00:03Z
"《聖經-創世紀 第 47 章》 ""Bible - Genesis Chapter 47""",https://www.youtube.com/watch?v=AO-jS2c31A4,2024-02-28T05:00:06Z
"《聖經-創世紀 第 46 章》 ""Bible - Genesis Chapter 46""",https://www.youtube.com/watch?v=bEmJ5k8Vf3c,2024-02-27T05:00:18Z
"《聖經-尼希米記》 ""Bible - Nehemiah""",https://www.youtube.com/watch?v=d61rUKtW9z0,2024-02-26T23:20:50Z
"《聖經-以斯拉記》 ""Bible - Ezra""",https://www.youtube.com/watch?v=Y0-Qe_9GQX0,2024-02-26T23:18:33Z
"《聖經-創世紀 第 45 章》 ""Bible - Genesis Chapter 45""",https://www.youtube.com/watch?v=c_Hz79aJcvg,2024-02-26T05:00:23Z
"《聖經-歷代志下》 ""Bible - 2 Chronicles""",https://www.youtube.com/watch?v=J4SO6k8Ye5I,2024-02-26T03:00:31Z
"《聖經-歷代志上》 ""Bible - 1 Chronicles""",https://www.youtube.com/watch?v=jMNwaxm0EKY,2024-02-26T02:50:14Z
"《聖經-列王紀下》 ""Bible - 2 Kings""",https://www.youtube.com/watch?v=JBW4ZJiIKdU,2024-02-26T02:47:29Z
"《聖經-創世紀 第 44 章》 ""Bible - Genesis Chapter 44""",https://www.youtube.com/watch?v=T-_53wKjlLA,2024-02-25T05:00:21Z
"《聖經-列王紀上》 ""Bible - 1 Kings""",https://www.youtube.com/watch?v=pazJVyI7RpA,2024-02-24T19:36:14Z
"《聖經-路得記》 ""Bible - Ruth""",https://www.youtube.com/watch?v=Yale352uzmw,2024-02-24T19:33:45Z
"《聖經-創世紀 第 43 章》 ""Bible - Genesis Chapter 43""",https://www.youtube.com/watch?v=HlIQ1To0YSk,2024-02-24T05:00:19Z
"《聖經-撒母耳記下》 ""Bible - 2 Samuel""",https://www.youtube.com/watch?v=NR8C8ZXNX9w,2024-02-24T03:43:22Z
"《聖經-撒母耳記上》 ""Bible - 1 Samuel""",https://www.youtube.com/watch?v=ufpp59Bsick,2024-02-24T00:11:38Z
"《聖經-創世紀 第 42 章》 ""Bible - Genesis Chapter 42""",https://www.youtube.com/watch?v=e_kYFsfvpas,2024-02-23T05:00:19Z
"《聖經-士師記》 ""Bible - Judges""",https://www.youtube.com/watch?v=dmF6fKX0kWE,2024-02-23T03:31:24Z
"《聖經-約書亞記》 ""Bible - Joshua""",https://www.youtube.com/watch?v=pwdgEUA-p7M,2024-02-22T21:56:21Z
"《聖經-申命記》 ""Bible - Deuteronomy""",https://www.youtube.com/watch?v=jAoriE-uJP4,2024-02-22T18:27:53Z
"《聖經-民数记》 ""Bible - Numbers""",https://www.youtube.com/watch?v=vXFqp7uqKa8,2024-02-22T10:39:47Z
"《聖經-創世紀 第 41 章》 ""Bible - Genesis Chapter 41""",https://www.youtube.com/watch?v=hvRYd9zkcRw,2024-02-22T05:00:23Z
"《聖經-利未記》 ""Bible - Leviticus""",https://www.youtube.com/watch?v=3PYPzEP3DKM,2024-02-22T02:09:49Z
"《聖經-創世紀 第 40 章》 ""Bible - Genesis Chapter 40""",https://www.youtube.com/watch?v=hwE7wy2opcc,2024-02-21T05:00:33Z
"《聖經-出埃及記》 ""Bible - Exodus""",https://www.youtube.com/watch?v=P1FzY2FnLOk,2024-02-20T22:53:08Z
"《聖經-創世紀》 ""Bible - Genesis""",https://www.youtube.com/watch?v=HN42U3E7NoI,2024-02-20T12:47:33Z
"《聖經-創世紀 第 39 章》 ""Bible - Genesis Chapter 39""",https://www.youtube.com/watch?v=DWpsrqc1KyM,2024-02-20T05:00:06Z
企业演讲的曙光：《公民联合公司诉联邦选举委员会》The Dawn of Corporate Speech: Citizens United v. FEC (2010),https://www.youtube.com/watch?v=olGNlVjY_D4,2024-02-19T14:04:32Z
选举奇迹：布什诉戈尔（2000年）The Electoral Odyssey: Bush v. Gore (2000)-United States Court Case - 1009,https://www.youtube.com/watch?v=1K8EZjstpig,2024-02-19T14:03:16Z
普莱西诉弗格森（1896年）The Pivotal Case: Plessy v. Ferguson (1896)-United States Court Case - 1008,https://www.youtube.com/watch?v=1UjPkxVliyk,2024-02-19T14:01:26Z
"《聖經-創世紀 第 38 章》 ""Bible - Genesis Chapter 38""",https://www.youtube.com/watch?v=YG0wi5aDiws,2024-02-19T05:00:17Z
"""吉迪恩诉维恩莱特 (1963)"" - ""Gideon v. Wainwright (1963)"" - United States Court Case",https://www.youtube.com/watch?v=GaKh-tnSPRs,2024-02-19T00:25:34Z
"德雷德·斯科特 - ""Dred Scott v. Sandford (1857)""",https://www.youtube.com/watch?v=yHYWMYyELdY,2024-02-18T22:42:20Z
"""马伯里诉麦迪逊（1803年）"" - ""Marbury v.Madison (1803)"" - United States Court Case - 1005",https://www.youtube.com/watch?v=jz9aem8URNQ,2024-02-18T22:36:40Z
"""米兰达诉亚利桑那州（1966年）"" - ""Miranda v. Arizona (1966)""  - United States Court Case",https://www.youtube.com/watch?v=gQBKg8cIqao,2024-02-18T22:33:04Z
"""罗伊诉韦德（1973年）"" - ""Roe v. Wade (1973)"" - United States Court Case",https://www.youtube.com/watch?v=457vl_PC2TQ,2024-02-18T22:29:40Z
"""布朗诉教育局(1954)"" ""Brown v. Board of Education (1954)""",https://www.youtube.com/watch?v=Hchh9RbFml4,2024-02-18T22:25:58Z
"“烫嘴咖啡”案-利贝克诉麦当劳 ""The scorching coffee"" - Liebeck v. McDonald's Restaurants",https://www.youtube.com/watch?v=DfbLovoOIn4,2024-02-18T22:16:58Z
"《聖經-創世紀 第 37 章》 ""Bible - Genesis Chapter 37""",https://www.youtube.com/watch?v=adPluA-iTdQ,2024-02-18T05:00:00Z
"《聖經-創世紀 第 36 章》 ""Bible - Genesis Chapter 36""",https://www.youtube.com/watch?v=34BlnqyDTo8,2024-02-17T05:00:01Z
"《聖經-創世紀 第 35 章》 ""Bible - Genesis Chapter 35""",https://www.youtube.com/watch?v=NoNhimGgKII,2024-02-16T05:00:09Z
"《聖經-創世紀 第 34 章》 ""Bible - Genesis Chapter 34""",https://www.youtube.com/watch?v=mb2UikUPydg,2024-02-15T05:00:33Z
"《聖經-創世紀 第 33 章》 ""Bible - Genesis Chapter 33""",https://www.youtube.com/watch?v=8lqgapphQ-A,2024-02-14T05:00:04Z
"《聖經-創世紀 第 32 章》 ""Bible - Genesis Chapter 32""",https://www.youtube.com/watch?v=deJV5wOi34E,2024-02-13T05:00:17Z
"《聖經-創世紀 第 31 章》 ""Bible - Genesis Chapter 31""",https://www.youtube.com/watch?v=tmWTqkm4_us,2024-02-12T05:00:26Z
"《聖經-創世紀 第 30 章》 ""Bible - Genesis Chapter 30""",https://www.youtube.com/watch?v=HIKfj_5dTWY,2024-02-11T05:00:08Z
"《聖經-創世紀 第 29 章》 ""Bible - Genesis Chapter 29""",https://www.youtube.com/watch?v=a9WNXruHKpY,2024-02-10T05:00:00Z
"《聖經-創世紀 第 28 章》 ""Bible - Genesis Chapter 28""",https://www.youtube.com/watch?v=WoP3vHPkZh8,2024-02-09T05:00:28Z
"《聖經-創世紀  第 27 章》 ""Bible - Genesis Chapter 27""",https://www.youtube.com/watch?v=4idsPE1ybvo,2024-02-08T05:00:02Z
"《聖經-創世紀  第 26 章》 ""Bible - Genesis Chapter 26""",https://www.youtube.com/watch?v=dkYLgeHifKM,2024-02-07T05:00:30Z
"《聖經-創世紀  第 25 章》 ""Bible - Genesis Chapter 25""",https://www.youtube.com/watch?v=B5X8krWx018,2024-02-06T05:00:05Z
"《聖經-創世紀  第 24 章》 ""Bible - Genesis Chapter 24""",https://www.youtube.com/watch?v=EntCRaumng8,2024-02-05T05:00:06Z
"《聖經-路加福音 第 17 章》 ""Bible - Luke Chapter 17""",https://www.youtube.com/watch?v=_u1NAncblWs,2024-02-05T00:49:59Z
"《聖經-路加福音 第 22 章》 ""Bible - Luke Chapter 22""",https://www.youtube.com/watch?v=dP1gjt3_gDU,2024-02-05T00:49:59Z
"《聖經-路加福音 第 5 章》 ""Bible - Luke Chapter 5""",https://www.youtube.com/watch?v=f_LUpcF4Z90,2024-02-05T00:49:59Z
"《聖經-路加福音 第 23 章》 ""Bible - Luke Chapter 23""",https://www.youtube.com/watch?v=gXIUFiYuOx8,2024-02-05T00:49:59Z
"《聖經-路加福音 第 11 章》 ""Bible - Luke Chapter 11""",https://www.youtube.com/watch?v=lyUnNiEUdkI,2024-02-05T00:49:59Z
"《聖經-路加福音 第 16 章》 ""Bible - Luke Chapter 16""",https://www.youtube.com/watch?v=mot0dk2Zg08,2024-02-05T00:49:59Z
"《聖經-路加福音 第 19 章》 ""Bible - Luke Chapter 19""",https://www.youtube.com/watch?v=myCAcXBOqPw,2024-02-05T00:49:59Z
"《聖經-路加福音 第 4 章》 ""Bible - Luke Chapter 4""",https://www.youtube.com/watch?v=MMvSTpJF4TE,2024-02-05T00:49:58Z
Bible142Luke121 ZhEn,https://www.youtube.com/watch?v=OPHVlWH1t00,2024-02-05T00:49:58Z
"《聖經-路加福音 第 9 章》 ""Bible - Luke Chapter 9""",https://www.youtube.com/watch?v=OtH4-IJWU5I,2024-02-05T00:49:58Z
"《聖經-路加福音 第 1 章》 ""Bible - Luke Chapter 1""",https://www.youtube.com/watch?v=QSFTcTQBAa8,2024-02-05T00:49:58Z
"《聖經-路加福音 第 15 章》 ""Bible - Luke Chapter 15""",https://www.youtube.com/watch?v=SuZaefAs4AI,2024-02-05T00:49:58Z
"《聖經-路加福音 第 2 章》 ""Bible - Luke Chapter 2""",https://www.youtube.com/watch?v=XIuf1W_Bqvw,2024-02-05T00:49:58Z
"《聖經-路加福音 第 24 章》 ""Bible - Luke Chapter 24""",https://www.youtube.com/watch?v=_6xWQCZjgUU,2024-02-05T00:49:58Z
"《聖經-路加福音 第 10 章》 ""Bible - Luke Chapter 10""",https://www.youtube.com/watch?v=-iwOagtvaG8,2024-02-05T00:49:56Z
"《聖經-路加福音 第 7 章》 ""Bible - Luke Chapter 7""",https://www.youtube.com/watch?v=2n0aT-yuYSQ,2024-02-05T00:49:56Z
"《聖經-路加福音 第 6 章》 ""Bible - Luke Chapter 6""",https://www.youtube.com/watch?v=5me74FylQHo,2024-02-05T00:49:56Z
"《聖經-路加福音 第 8 章》 ""Bible - Luke Chapter 8""",https://www.youtube.com/watch?v=7ew1sJFZezQ,2024-02-05T00:49:56Z
"《聖經-路加福音 第 18 章》 ""Bible - Luke Chapter 18""",https://www.youtube.com/watch?v=AGqypcgjzhM,2024-02-05T00:49:56Z
"《聖經-路加福音 第 14 章》 ""Bible - Luke Chapter 14""",https://www.youtube.com/watch?v=Aplzl89hm6c,2024-02-05T00:49:56Z
"《聖經-路加福音 第 3 章》 ""Bible - Luke Chapter 3""",https://www.youtube.com/watch?v=Bl_KxbEJGdI,2024-02-05T00:49:56Z
"《聖經-路加福音 第 12 章》 ""Bible - Luke Chapter 12""",https://www.youtube.com/watch?v=CfxfOI1KptM,2024-02-05T00:49:56Z
"《聖經-路加福音 第 13 章》 ""Bible - Luke Chapter 13""",https://www.youtube.com/watch?v=DEto5cc94DY,2024-02-05T00:49:56Z
"《聖經-路加福音 第 20 章》 ""Bible - Luke Chapter 20""",https://www.youtube.com/watch?v=HVoSVZpcQhM,2024-02-05T00:49:56Z
"《聖經-創世紀  第 23 章》 ""Bible - Genesis Chapter 23""",https://www.youtube.com/watch?v=VNDNK4L08dY,2024-02-04T05:00:21Z
"《聖經-創世紀  第 22 章》 ""Bible - Genesis Chapter 22""",https://www.youtube.com/watch?v=rPG7yXHzgRg,2024-02-03T05:00:23Z
"《聖經-創世紀  第 21 章》 ""Bible - Genesis Chapter 21""",https://www.youtube.com/watch?v=dq4nFK-w4C8,2024-02-02T05:00:22Z
"《聖經-創世紀 第20章》 ""Bible - Genesis Chapter 20""",https://www.youtube.com/watch?v=_PRlVrjiJp8,2024-02-01T05:00:20Z
"《聖經-創世紀 第19章》 ""Bible - Genesis Chapter 19""",https://www.youtube.com/watch?v=ZYks5AMwf7s,2024-01-31T05:00:17Z
"《聖經-創世紀 第18章》 ""Bible - Genesis Chapter 18""",https://www.youtube.com/watch?v=PahWdR11FRE,2024-01-30T05:00:12Z
"《聖經-創世紀 第17章》 ""Bible - Genesis Chapter 17""",https://www.youtube.com/watch?v=UDavIiCEmOM,2024-01-29T05:00:15Z
"《聖經-創世紀 第16章》 ""Bible - Genesis Chapter 16""",https://www.youtube.com/watch?v=mIQCmYNQxc0,2024-01-28T05:00:32Z
"《馬可福音》 第 1 章 ""Gospel of Mark - Chapter 1""",https://www.youtube.com/watch?v=v0zTWPdNoXI,2024-01-27T19:10:55Z
"《馬可福音》 第 2 章 ""Gospel of Mark - Chapter 2""",https://www.youtube.com/watch?v=vUZ1SFaj4UU,2024-01-27T19:10:55Z
"《馬可福音》 第 11 章 ""Gospel of Mark - Chapter 11""",https://www.youtube.com/watch?v=pRCfdqy4Bi4,2024-01-27T19:10:54Z
"《馬可福音》 第 9 章 ""Gospel of Mark - Chapter 9""",https://www.youtube.com/watch?v=r6d9hIOXtq4,2024-01-27T19:10:54Z
"《馬可福音》 第 13 章 ""Gospel of Mark - Chapter 13""",https://www.youtube.com/watch?v=vcjVBeGBKdA,2024-01-27T19:10:54Z
"《馬可福音》 第 6 章 ""Gospel of Mark - Chapter 6""",https://www.youtube.com/watch?v=ylytqp8zUJc,2024-01-27T19:10:54Z
"《馬可福音》 第 5 章 ""Gospel of Mark - Chapter 5""",https://www.youtube.com/watch?v=5lVoQ6b7unc,2024-01-27T19:10:53Z
"《馬可福音》 第 7 章 ""Gospel of Mark - Chapter 7""",https://www.youtube.com/watch?v=6P2lYDRnwGI,2024-01-27T19:10:53Z
"《馬可福音》 第 3 章 ""Gospel of Mark - Chapter 3""",https://www.youtube.com/watch?v=6x6YMmfQImY,2024-01-27T19:10:53Z
"《馬可福音》 第 10 章 ""Gospel of Mark - Chapter 10""",https://www.youtube.com/watch?v=78J9O_Dg4VY,2024-01-27T19:10:53Z
"《馬可福音》 第 8 章 ""Gospel of Mark - Chapter 8""",https://www.youtube.com/watch?v=HKtL-KBGOtc,2024-01-27T19:10:53Z
"《馬可福音》 第 16 章 ""Gospel of Mark - Chapter 16""",https://www.youtube.com/watch?v=KHbkEcgeg80,2024-01-27T19:10:53Z
"《馬可福音》 第 4 章 ""Gospel of Mark - Chapter 4""",https://www.youtube.com/watch?v=RboplCnc3os,2024-01-27T19:10:53Z
"《馬可福音》 第 15 章 ""Gospel of Mark - Chapter 15""",https://www.youtube.com/watch?v=csvX74UtCsY,2024-01-27T19:10:53Z
"《馬可福音》 第 14 章 ""Gospel of Mark - Chapter 14""",https://www.youtube.com/watch?v=et5uXt0ScpI,2024-01-27T19:10:53Z
"《馬可福音》 第 12 章 ""Gospel of Mark - Chapter 12""",https://www.youtube.com/watch?v=lJDSbWJD21U,2024-01-27T19:10:53Z
"《聖經-箴言 第 5 章》 ""Bible - Proverbs Chapter 5""",https://www.youtube.com/watch?v=6zFotyIV-j0,2024-01-27T17:43:59Z
"《聖經-箴言 第 6 章》 ""Bible - Proverbs Chapter 6""",https://www.youtube.com/watch?v=BhwQnVX1amY,2024-01-27T17:43:59Z
"《聖經-箴言 第 1 章》 ""Bible - Proverbs Chapter 1""",https://www.youtube.com/watch?v=D5Fbm0yY_ck,2024-01-27T17:43:59Z
"《聖經-箴言 第 4 章》 ""Bible - Proverbs Chapter 4""",https://www.youtube.com/watch?v=dsF3o0y4QlI,2024-01-27T17:43:59Z
"《聖經-箴言 第 2 章》 ""Bible - Proverbs Chapter 2""",https://www.youtube.com/watch?v=mZ6TBJwZKro,2024-01-27T17:43:59Z
"《聖經-箴言 第 3 章》 ""Bible - Proverbs Chapter 3""",https://www.youtube.com/watch?v=wBCh4htRdsI,2024-01-27T17:43:59Z
"《聖經-箴言 第 28 章》 ""Bible - Proverbs Chapter 28""",https://www.youtube.com/watch?v=eyazJ-72ahI,2024-01-27T17:43:28Z
"《聖經-箴言 第 20 章》 ""Bible - Proverbs Chapter 20""",https://www.youtube.com/watch?v=k5n6IDq0VDc,2024-01-27T17:43:28Z
"《聖經-箴言 第 19 章》 ""Bible - Proverbs Chapter 19""",https://www.youtube.com/watch?v=mSTQMQ--qEs,2024-01-27T17:43:28Z
"《聖經-箴言 第 23 章》 ""Bible - Proverbs Chapter 23""",https://www.youtube.com/watch?v=o_xYpszJb1E,2024-01-27T17:43:28Z
"《聖經-箴言 第 17 章》 ""Bible - Proverbs Chapter 17""",https://www.youtube.com/watch?v=qKbhm5gRINo,2024-01-27T17:43:28Z
"《聖經-箴言 第 14 章》 ""Bible - Proverbs Chapter 14""",https://www.youtube.com/watch?v=NaDSu20c_Yw,2024-01-27T17:43:27Z
"《聖經-箴言 第 13 章》 ""Bible - Proverbs Chapter 13""",https://www.youtube.com/watch?v=Q8GTJowi39o,2024-01-27T17:43:27Z
"《聖經-箴言 第 21 章》 ""Bible - Proverbs Chapter 21""",https://www.youtube.com/watch?v=Ql-m700x_OM,2024-01-27T17:43:27Z
"《聖經-箴言 第 27 章》 ""Bible - Proverbs Chapter 27""",https://www.youtube.com/watch?v=SqM1dxscHAA,2024-01-27T17:43:27Z
"《聖經-箴言 第 7 章》 ""Bible - Proverbs Chapter 7""",https://www.youtube.com/watch?v=VHQ2xQ_-pPA,2024-01-27T17:43:27Z
"《聖經-箴言 第 29 章》 ""Bible - Proverbs Chapter 29""",https://www.youtube.com/watch?v=VM6ktiag_ik,2024-01-27T17:43:27Z
"《聖經-箴言 第 9 章》 ""Bible - Proverbs Chapter 9""",https://www.youtube.com/watch?v=cjIv2snb7UI,2024-01-27T17:43:27Z
"《聖經-箴言 第 26 章》 ""Bible - Proverbs Chapter 26""",https://www.youtube.com/watch?v=cmIJTtT1uv8,2024-01-27T17:43:27Z
"《聖經-箴言 第 22 章》 ""Bible - Proverbs Chapter 22""",https://www.youtube.com/watch?v=dFjYnJO-jPQ,2024-01-27T17:43:27Z
"《聖經-箴言 第 25 章》 ""Bible - Proverbs Chapter 25""",https://www.youtube.com/watch?v=dgST0n8W04w,2024-01-27T17:43:27Z
"《聖經-箴言 第 15 章》 ""Bible - Proverbs Chapter 15""",https://www.youtube.com/watch?v=5B7YZ6hCkY8,2024-01-27T17:43:26Z
"《聖經-箴言 第 11 章》 ""Bible - Proverbs Chapter 11""",https://www.youtube.com/watch?v=5R4IZuTcAGQ,2024-01-27T17:43:26Z
"《聖經-箴言 第 16 章》 ""Bible - Proverbs Chapter 16""",https://www.youtube.com/watch?v=5Y3ROUIlPHg,2024-01-27T17:43:26Z
"《聖經-箴言 第 31 章》 ""Bible - Proverbs Chapter 31""",https://www.youtube.com/watch?v=7e7yUqhifT4,2024-01-27T17:43:26Z
"《聖經-箴言 第 24 章》 ""Bible - Proverbs Chapter 24""",https://www.youtube.com/watch?v=Ar7KOFk0a_0,2024-01-27T17:43:26Z
"《聖經-箴言 第 8 章》 ""Bible - Proverbs Chapter 8""",https://www.youtube.com/watch?v=DXmfEHfvOqs,2024-01-27T17:43:26Z
"《聖經-箴言 第 10 章》 ""Bible - Proverbs Chapter 10""",https://www.youtube.com/watch?v=F3Go4XylmYs,2024-01-27T17:43:26Z
"《聖經-箴言 第 18 章》 ""Bible - Proverbs Chapter 18""",https://www.youtube.com/watch?v=LXeaEb8E8bo,2024-01-27T17:43:26Z
"《聖經-箴言 第 12 章》 ""Bible - Proverbs Chapter 12""",https://www.youtube.com/watch?v=NRSuZO1ZVF8,2024-01-27T17:43:26Z
"《聖經-箴言 第 30 章》 ""Bible - Proverbs Chapter 30""",https://www.youtube.com/watch?v=6doFnSlBhBY,2024-01-27T17:43:25Z
"《聖經-創世紀 第15章》 ""Bible - Genesis Chapter 15""",https://www.youtube.com/watch?v=awZ2475zYL4,2024-01-27T05:00:02Z
"《聖經-創世紀 第14章》 ""Bible - Genesis Chapter 14""",https://www.youtube.com/watch?v=9XmiG1rApis,2024-01-26T05:00:05Z
"《聖經-創世紀 第13章》 ""Bible - Genesis Chapter 13""",https://www.youtube.com/watch?v=1Twq9RkkX50,2024-01-25T05:00:02Z
"《聖經-創世紀 第12章》 ""Bible - Genesis Chapter 12""",https://www.youtube.com/watch?v=9YfZDG2xSGo,2024-01-24T05:00:07Z
"《馬太福音》 第28章 ""Bible Matthew - Chapter 28""",https://www.youtube.com/watch?v=X1FQ5OyWNwg,2024-01-24T02:59:12Z
"《馬太福音》 第27章 ""Bible Matthew - Chapter 27""",https://www.youtube.com/watch?v=rLo-7TTIGGQ,2024-01-24T02:57:07Z
"《馬太福音》 第26章 ""Bible Matthew - Chapter 26""",https://www.youtube.com/watch?v=lDcFDjgIGzA,2024-01-24T02:56:10Z
"《馬太福音》 第25章 ""Bible Matthew - Chapter 25""",https://www.youtube.com/watch?v=Z1KDWiZvYQs,2024-01-24T02:55:06Z
"《馬太福音》 第24章 ""Bible Matthew - Chapter 24""",https://www.youtube.com/watch?v=sXJlcX1E2Dk,2024-01-24T02:31:08Z
"《馬太福音》 第23章 ""Bible Matthew - Chapter 23""",https://www.youtube.com/watch?v=aUFPxmR3gAw,2024-01-24T02:30:11Z
"《馬太福音》 第22章 ""Bible Matthew - Chapter 22""",https://www.youtube.com/watch?v=7eIHGQcu3HI,2024-01-24T02:28:58Z
"《馬太福音》 第21章 ""Bible Matthew - Chapter 21""",https://www.youtube.com/watch?v=deApIdhcnKg,2024-01-24T02:28:01Z
"《馬太福音》 第20章 ""Bible Matthew - Chapter 20""",https://www.youtube.com/watch?v=tLDz_bTTSqs,2024-01-24T02:27:08Z
"《馬太福音》 第19章 ""Bible Matthew - Chapter 19""",https://www.youtube.com/watch?v=eG10F-ywJjQ,2024-01-24T02:26:11Z
"《馬太福音》 第18章 ""Bible Matthew - Chapter 18""",https://www.youtube.com/watch?v=iHRSi20-fas,2024-01-24T02:25:18Z
"《馬太福音》 第17章 ""Bible Matthew - Chapter 17""",https://www.youtube.com/watch?v=GICUC_F51eA,2024-01-24T02:24:20Z
"《馬太福音》 第16章 ""Bible Matthew - Chapter 16""",https://www.youtube.com/watch?v=12TU-PXm5rk,2024-01-24T02:19:05Z
"《馬太福音》 第15章 ""Bible Matthew - Chapter 15""",https://www.youtube.com/watch?v=vxCKWPJ1xfQ,2024-01-24T02:17:24Z
"《馬太福音》 第14章 ""Bible Matthew - Chapter 14""",https://www.youtube.com/watch?v=2Q-q-xh9sC4,2024-01-24T02:16:26Z
"《馬太福音》 第13章 ""Bible Matthew - Chapter 13""",https://www.youtube.com/watch?v=00c1M6fA79U,2024-01-24T02:15:31Z
"《馬太福音》 第12章 ""Bible Matthew - Chapter 12""",https://www.youtube.com/watch?v=4BivhuCiJHY,2024-01-24T02:14:17Z
"《馬太福音》 第11章 ""Bible Matthew - Chapter 11""",https://www.youtube.com/watch?v=fB_NK1SdFMs,2024-01-24T02:13:14Z
"《馬太福音》 第10章 ""Bible Matthew - Chapter 10""",https://www.youtube.com/watch?v=Dc4Wnj-VG1E,2024-01-24T02:12:11Z
"《馬太福音》 第9章 ""Bible Matthew - Chapter 9""",https://www.youtube.com/watch?v=1Adb9Z-joF8,2024-01-24T02:11:15Z
"《馬太福音》 第8章 ""Bible Matthew - Chapter 8""",https://www.youtube.com/watch?v=F6p_32PegYg,2024-01-24T02:10:10Z
"《馬太福音》 第7章 ""Bible Matthew - Chapter 7""",https://www.youtube.com/watch?v=wYI689m99HE,2024-01-24T02:08:29Z
"《馬太福音》 第6章 ""Bible Matthew - Chapter 6""",https://www.youtube.com/watch?v=N9z18ZPbxMc,2024-01-24T02:05:00Z
"《馬太福音》 第5章 ""Bible Matthew - Chapter 5""",https://www.youtube.com/watch?v=UziTW7ZNOt0,2024-01-24T02:04:05Z
"《馬太福音》 第4章 ""Bible Matthew - Chapter 4""",https://www.youtube.com/watch?v=rQAuzALDP4A,2024-01-24T02:02:41Z
"《馬太福音》 第3章 ""Bible Matthew - Chapter 3""",https://www.youtube.com/watch?v=1AKTg9MB07I,2024-01-24T02:01:42Z
"《馬太福音》 第2章 ""Bible Matthew - Chapter 2""",https://www.youtube.com/watch?v=puw9uWbM4uI,2024-01-24T02:00:40Z
"《馬太福音》 第1章 ""Bible Matthew - Chapter 1""",https://www.youtube.com/watch?v=-QgqrQXpGfQ,2024-01-24T01:59:29Z
"《聖經-創世紀 第11章》 ""Bible - Genesis Chapter 11""",https://www.youtube.com/watch?v=cvYSMrd_6FI,2024-01-23T05:00:15Z
"《聖經-創世紀 第10章》 ""Bible - Genesis Chapter 10""",https://www.youtube.com/watch?v=H9nC6BPrXOw,2024-01-22T05:00:08Z
"《聖經-創世紀 第9章》 ""Bible - Genesis Chapter 9""",https://www.youtube.com/watch?v=FiRjMF2qlsM,2024-01-21T05:00:16Z
"《聖經-創世紀 第8章》 ""Bible - Genesis Chapter 8""",https://www.youtube.com/watch?v=a1gTtvU1bcw,2024-01-20T05:00:00Z
"《聖經-創世紀 第7章》 ""Bible - Genesis Chapter 7""",https://www.youtube.com/watch?v=OfDoKCmuT38,2024-01-19T05:00:12Z
"《聖經-創世紀 第6章》 ""Bible - Genesis Chapter 6""",https://www.youtube.com/watch?v=FO3smZLeNl0,2024-01-18T05:00:11Z
"《聖經-創世紀 第5章》 ""Bible - Genesis Chapter 5""",https://www.youtube.com/watch?v=FvifqLfK6jE,2024-01-17T05:00:09Z
"《聖經-創世紀 第4章》 ""Bible - Genesis Chapter 4""",https://www.youtube.com/watch?v=2IWiwjw8ctg,2024-01-16T05:00:04Z
"《聖經-創世紀 第3章》 ""Bible - Genesis Chapter 3""",https://www.youtube.com/watch?v=uE1Oq6j8J1Y,2024-01-15T05:00:34Z
"《聖經-創世紀 第2章》 ""Bible - Genesis Chapter 2""",https://www.youtube.com/watch?v=-J5aiE9da9w,2024-01-14T05:00:00Z
"《聖經-創世紀 第1章》 ""Bible - Genesis Chapter 1""",https://www.youtube.com/watch?v=rf5wfZ6e2ZE,2024-01-13T21:59:58Z
"《聖經人物-約書亞》 ""Biblical Figure - Joshua""",https://www.youtube.com/watch?v=BsL6WlJe1B8,2024-01-12T05:00:05Z
"《聖經人物-米利暗》 ""Biblical Figure - Miriam""",https://www.youtube.com/watch?v=Jvi9tm-Te4s,2024-01-11T05:00:09Z
"《聖經人物-亞倫》 ""Biblical Figure - Aaron""",https://www.youtube.com/watch?v=Kn041S8qvIA,2024-01-10T02:03:16Z
"《正常的基督徒生活》 倪柝聲 ""The Normal Christian Life - Watchman Nee""",https://www.youtube.com/watch?v=DYGIWg_hBeY,2024-01-01T05:46:05Z
"《聖經人物-摩西》 ""Biblical Figure - Moses""",https://www.youtube.com/watch?v=nK4rPLaezZk,2023-12-31T14:25:44Z
"《聖經人物-約瑟》 ""Biblical Figure - Joseph""",https://www.youtube.com/watch?v=rUFUozAFrDM,2023-12-31T04:35:42Z
"《聖經人物-利亞》 ""Biblical Figure - Leah""",https://www.youtube.com/watch?v=Ut-y4mdmy6c,2023-12-27T04:07:03Z
《聖經人物-拉結》,https://www.youtube.com/watch?v=aEf7G-FXpwY,2023-12-26T21:54:30Z
"《中英聖經-創世紀-第1章》""Bible - Genesis Chapter 1""",https://www.youtube.com/watch?v=vilEIqiqXto,2023-12-24T22:18:53Z
"《聖經人物-以撒》""Biblical Figures - Isaac""",https://www.youtube.com/watch?v=1efHXfSrIug,2023-12-23T13:14:51Z
"《聖經人物-亞伯拉罕》""Biblical Figures - Abraham""",https://www.youtube.com/watch?v=-PGCrgLUeyo,2023-12-22T22:45:48Z
"《聖經人物-挪亞》- ""Biblical Figures - Noah""",https://www.youtube.com/watch?v=djvavaVuN3M,2023-12-22T20:39:37Z
《約翰福音》第1章,https://www.youtube.com/watch?v=HcAuN4Db7Wc,2023-12-03T03:21:46Z
約翰福音(John)-中英聖經雙語對照朗讀Bible Bilingual Reading(Chinese-English),https://www.youtube.com/watch?v=xvvzakXXZaM,2023-11-28T18:22:56Z
《大唐狄公案》第5部-高羅佩,https://www.youtube.com/watch?v=EKXqpVKIti4,2023-11-12T22:28:43Z
《大唐狄公案》第4部-高羅佩,https://www.youtube.com/watch?v=YadI9eCBCqI,2023-11-11T16:14:01Z
《大唐狄公案》第3部-高羅佩,https://www.youtube.com/watch?v=g1SHaGDjJLI,2023-11-11T03:39:34Z
《大唐狄公案》第2部-高羅佩,https://www.youtube.com/watch?v=J2rOJU3JToo,2023-11-11T00:58:42Z
《大唐狄公案》第1部-高羅佩,https://www.youtube.com/watch?v=6amp0tXUTb4,2023-11-10T12:50:36Z
《龍圖公案》第2部-明代佚名,https://www.youtube.com/watch?v=K7vYg5ovAUQ,2023-11-10T03:57:41Z
《龍圖公案》第1部-明代佚名,https://www.youtube.com/watch?v=ac6w3bxrdC0,2023-11-10T02:40:15Z
《明清十大奇案》第1部-清代佚名,https://www.youtube.com/watch?v=5h6xp0-nGKE,2023-11-09T23:51:58Z
《武則天四大奇案》第2部-清代佚名,https://www.youtube.com/watch?v=CkEmd64JgQI,2023-11-09T22:25:24Z
《武則天四大奇案》第1部-清代佚名,https://www.youtube.com/watch?v=MQ5S71gpivM,2023-11-09T20:58:33Z
《春阿氏謀夫案》第1部-冷佛清,https://www.youtube.com/watch?v=jmg5BG57KMg,2023-11-09T13:28:02Z
《藍公案》第1部-藍鼎元,https://www.youtube.com/watch?v=SJF-KJCUBmo,2023-11-09T00:43:46Z
《彭公案》第6部-貪夢道人,https://www.youtube.com/watch?v=Pk9zWdKyb50,2023-11-08T12:31:39Z
《彭公案》第5部-貪夢道人,https://www.youtube.com/watch?v=AHJqZdfnhiY,2023-11-08T04:49:35Z
《彭公案》第4部-貪夢道人,https://www.youtube.com/watch?v=Lq1vSLQdtm0,2023-11-08T00:16:56Z
《彭公案》第3部-貪夢道人,https://www.youtube.com/watch?v=s0tVNmYgrFU,2023-11-07T22:59:20Z
《彭公案》第2部-貪夢道人,https://www.youtube.com/watch?v=L9jmXkD20a0,2023-11-07T19:22:59Z
《彭公案》第1部-貪夢道人,https://www.youtube.com/watch?v=P5EFUPtL_xs,2023-11-07T14:16:12Z
《劉公案》第3部-清代佚名,https://www.youtube.com/watch?v=gvfgcHjx1O0,2023-11-07T04:53:15Z
《劉公案》第2部-清代佚名,https://www.youtube.com/watch?v=g3SJ_8eV4hg,2023-11-07T00:49:58Z
《劉公案》第1部-清代佚名,https://www.youtube.com/watch?v=Ko745_aSlm8,2023-11-06T13:06:54Z
《繡像後宋慈雲走國全傳》第1部-清代佚名,https://www.youtube.com/watch?v=6wEfzUYycmU,2023-11-06T02:17:18Z
《殺子報》第1部-1897年-敬文堂刊本,https://www.youtube.com/watch?v=IYrZWh5Pgsk,2023-11-05T19:34:16Z
《楊乃武與小白菜冤案》第2部-佚名,https://www.youtube.com/watch?v=ECQciUrF-h0,2023-11-05T13:25:09Z
《楊乃武與小白菜冤案》第1部-佚名,https://www.youtube.com/watch?v=TEjQhcmLwpE,2023-11-05T11:19:23Z
《羅鍋軼事》第1部-儲仁遜,https://www.youtube.com/watch?v=EVIySiYAtvg,2023-11-05T02:54:06Z
《劉墉傳奇》第3部-佚名,https://www.youtube.com/watch?v=qkXw8Wdp_mk,2023-11-04T23:57:18Z
《劉墉傳奇》第2部-佚名,https://www.youtube.com/watch?v=JbqWUlFra2M,2023-11-04T21:33:10Z
《劉墉傳奇》第1部-佚名,https://www.youtube.com/watch?v=pwY4-nSO1KM,2023-11-04T18:50:56Z
《案中冤案》第1部-董蔭孤,https://www.youtube.com/watch?v=oVxqNh5p2Pw,2023-11-04T15:21:42Z
《郭公案》第1部-佚名,https://www.youtube.com/watch?v=N7zHXOnwTd0,2023-11-04T13:48:44Z
《海公大紅袍全傳》第2部-李春芳,https://www.youtube.com/watch?v=b897Y0OzxMQ,2023-11-04T02:34:28Z
《海公大紅袍全傳》第1部-李春芳,https://www.youtube.com/watch?v=nK63N91aHoU,2023-11-04T00:35:14Z
《海公小紅袍全傳》第1部-冷時峻,https://www.youtube.com/watch?v=9AhlpQCODc4,2023-11-03T23:11:55Z
《林公案》第2部-清末,https://www.youtube.com/watch?v=kGJB94FoOL0,2023-11-03T11:30:27Z
《林公案》第1部-清末,https://www.youtube.com/watch?v=Cq5uLcH4pco,2023-11-03T02:31:12Z
《於公案》第1部-評書名家牛瑞泉,https://www.youtube.com/watch?v=SpfPVAE6D7Y,2023-11-03T00:56:37Z
《李公案》第1部-清代惜紅居士,https://www.youtube.com/watch?v=0PPPmkRl5o4,2023-11-02T22:19:39Z
《九命奇冤》第1部-吳沃堯,https://www.youtube.com/watch?v=RqIG1HINMH8,2023-11-02T11:52:40Z
《包公案》第2部-安遇時,https://www.youtube.com/watch?v=qUYzZbtSbHw,2023-11-02T05:15:13Z
《百家公案》第1部-明代公案小說,https://www.youtube.com/watch?v=00Toqh1RRiw,2023-11-02T05:11:36Z
《包公案》第1部-安遇時,https://www.youtube.com/watch?v=13KhBGftW-o,2023-11-02T05:11:16Z
《百家公案》第2部-明代公案小說,https://www.youtube.com/watch?v=nXKUKe9Efwk,2023-11-02T00:05:14Z
《負曝閒談》第1部-歐陽巨源,https://www.youtube.com/watch?v=iexlP13V9sk,2023-11-01T01:51:45Z
《發財祕訣》第1部-吳沃堯,https://www.youtube.com/watch?v=AEixUt2KtC8,2023-11-01T01:41:13Z
《歧路燈》第5部-清朝李綠園,https://www.youtube.com/watch?v=fxoA35W76_E,2023-11-01T00:31:37Z
《歧路燈》第4部-清朝李綠園,https://www.youtube.com/watch?v=0M73Q__tUXk,2023-10-31T23:56:24Z
《歧路燈》第3部-清朝李綠園,https://www.youtube.com/watch?v=utvO9EWvQNM,2023-10-31T12:20:26Z
《歧路燈》第2部-清朝李綠園,https://www.youtube.com/watch?v=z6VoVPnZbmc,2023-10-31T11:00:41Z
《歧路燈》第1部-清朝李綠園,https://www.youtube.com/watch?v=1sDD_MnJMfE,2023-10-30T23:39:40Z
"""水滸後傳""第2部-陳忱.",https://www.youtube.com/watch?v=vs1QP2luyf0,2023-10-30T11:57:57Z
"""水滸後傳""第1部-陳忱.",https://www.youtube.com/watch?v=yK8syiGkczc,2023-10-30T04:27:09Z
《今古奇觀》第7部-抱甕老人,https://www.youtube.com/watch?v=PH7ykq218q0,2023-10-28T17:21:12Z
《今古奇觀》第6部-抱甕老人,https://www.youtube.com/watch?v=7JnRsEo_oXw,2023-10-28T13:35:48Z
《今古奇觀》第5部-抱甕老人,https://www.youtube.com/watch?v=Ykk9CDvgLTY,2023-10-28T03:57:43Z
《今古奇觀》第4部-抱甕老人,https://www.youtube.com/watch?v=KOWqUzHpFpw,2023-10-28T01:39:52Z
《今古奇觀》第3部-抱甕老人,https://www.youtube.com/watch?v=tHkXLNQu-rQ,2023-10-28T00:08:59Z
《今古奇觀》第2部-抱甕老人,https://www.youtube.com/watch?v=lFqWNBj-91w,2023-10-27T12:01:17Z
《今古奇觀》第1部-抱甕老人,https://www.youtube.com/watch?v=rk86IJDVunM,2023-10-27T03:56:57Z
《廿載繁華夢》第2部-歐陽鉅源，黃世仲。,https://www.youtube.com/watch?v=AaCmPudoYmU,2023-10-27T01:52:12Z
《廿載繁華夢》第1部-歐陽鉅源，黃世仲。,https://www.youtube.com/watch?v=5NCa51b7viI,2023-10-27T01:18:32Z
《商界現形記》第1部-雲間天贅生,https://www.youtube.com/watch?v=g3-7lf3Ef70,2023-10-26T21:18:01Z
《孽海花》第2部-曾樸,https://www.youtube.com/watch?v=bFHxNpOooss,2023-10-26T20:02:25Z
《孽海花》第1部-曾樸,https://www.youtube.com/watch?v=rM7s5gqkFRg,2023-10-26T20:00:08Z
《老殘遊記》第2部-劉鶚,https://www.youtube.com/watch?v=Qyb3fiJC8wQ,2023-10-26T11:23:51Z
《老殘遊記》第1部-劉鶚,https://www.youtube.com/watch?v=ZMs0wXZzyKQ,2023-10-26T10:54:22Z
《二十年目睹之怪現狀》第4部-吳趼人。,https://www.youtube.com/watch?v=M_TLEIvHGEI,2023-10-26T03:17:13Z
《二十年目睹之怪現狀》第3部-吳趼人。,https://www.youtube.com/watch?v=GEmv1HSuxnQ,2023-10-26T02:31:20Z
《二十年目睹之怪現狀》第2部-吳趼人。,https://www.youtube.com/watch?v=tEqRCLiDjyI,2023-10-26T02:29:41Z
《二十年目睹之怪現狀》第1部-吳趼人。,https://www.youtube.com/watch?v=x04ZSPvRI_Q,2023-10-26T02:26:09Z
《官場現形記》第5部-李寶嘉,https://www.youtube.com/watch?v=AuyWOLgFzo4,2023-10-25T03:05:45Z
《官場現形記》第4部-李寶嘉,https://www.youtube.com/watch?v=MatxAUSgcac,2023-10-25T01:57:10Z
《官場現形記》第3部-李寶嘉,https://www.youtube.com/watch?v=OJMwcaz7P_E,2023-10-25T00:12:07Z
《官場現形記》第2部-李寶嘉,https://www.youtube.com/watch?v=dkpN49g3jcU,2023-10-24T22:02:50Z
《官場現形記》第1部-李寶嘉,https://www.youtube.com/watch?v=ZZnRRpQ3bD8,2023-10-24T21:38:24Z
《儒林外史》第3部-吳敬梓。,https://www.youtube.com/watch?v=1Q1vW6lPPgk,2023-10-24T19:00:09Z
《儒林外史》第2部-吳敬梓,https://www.youtube.com/watch?v=9ZYklv3_1FQ,2023-10-24T18:05:02Z
《儒林外史》第1部-吳敬梓,https://www.youtube.com/watch?v=4cdcMiMOlbA,2023-10-24T16:34:58Z
《永慶昇平前傳》第3部-姜振名,https://www.youtube.com/watch?v=ZWeHwFTKf8Q,2023-10-24T14:20:38Z
《永慶昇平前傳》第2部-姜振名,https://www.youtube.com/watch?v=HwZLPfHLOv4,2023-10-24T11:43:06Z
《永慶昇平前傳》第1部-姜振名,https://www.youtube.com/watch?v=bB7CbsQBM5I,2023-10-24T05:50:38Z
《楊家將傳》第2部-民間文學,https://www.youtube.com/watch?v=z7jKzqn9gFU,2023-10-23T00:30:45Z
《楊家將傳》第1部-民間文學,https://www.youtube.com/watch?v=x9BvRUFaHGM,2023-10-23T00:13:57Z
《隋唐演義》第5部-褚人穫,https://www.youtube.com/watch?v=tGVXfcBArfY,2023-10-22T18:12:31Z
《隋唐演義》第4部-褚人穫,https://www.youtube.com/watch?v=jHnGQ1yIJAc,2023-10-22T15:02:46Z
《隋唐演義》第3部-褚人穫,https://www.youtube.com/watch?v=5eDVM3SA2-0,2023-10-22T12:16:10Z
《隋唐演義》第2部-褚人穫,https://www.youtube.com/watch?v=xc3VJYpOO_U,2023-10-22T03:11:23Z
《隋唐演義》第1部-褚人穫,https://www.youtube.com/watch?v=rwiE52N49i8,2023-10-21T23:02:27Z
《乾隆遊江南》第3部-清代著名俠義小說,https://www.youtube.com/watch?v=rcv4S2-3elE,2023-10-21T19:28:44Z
《乾隆遊江南》第2部-清代著名俠義小說,https://www.youtube.com/watch?v=T4Je-zCh9q8,2023-10-21T19:02:25Z
《乾隆遊江南》第1部-清代著名俠義小說,https://www.youtube.com/watch?v=XEBaudlaiB0,2023-10-21T17:23:42Z
《木蘭奇女傳》第1部-民間故事,https://www.youtube.com/watch?v=NhYtNbqZuls,2023-10-21T16:06:10Z
《呼家將傳》第1部-民間文學,https://www.youtube.com/watch?v=bSE61yl4XgE,2023-10-21T14:24:32Z
《唐詩三百首全集賞析》第2部-唐代詩人,https://www.youtube.com/watch?v=V_SsiMirBY0,2023-10-21T12:37:25Z
《唐詩三百首全集賞析》第1部-唐代詩人,https://www.youtube.com/watch?v=F8ps1fbyeaw,2023-10-21T12:30:27Z
《二刻拍案驚奇》第3部-淩濛初,https://www.youtube.com/watch?v=kU5Dk-Bf8hg,2023-10-21T10:50:21Z
《二刻拍案驚奇》第2部-淩濛初,https://www.youtube.com/watch?v=26FptBYx614,2023-10-21T08:59:27Z
《二刻拍案驚奇》第1部-淩濛初,https://www.youtube.com/watch?v=bq-glPdGcdc,2023-10-21T04:10:08Z
《初刻拍案驚奇》第3部-淩濛初,https://www.youtube.com/watch?v=245CuGZWCQk,2023-10-21T02:31:42Z
《初刻拍案驚奇》第2部-淩濛初,https://www.youtube.com/watch?v=yq4WwpTQ1jM,2023-10-21T01:02:03Z
《初刻拍案驚奇》第1部-淩濛初,https://www.youtube.com/watch?v=t_i14UFtt_U,2023-10-21T00:30:57Z
《孫子兵法翻譯》第1部-孫武,https://www.youtube.com/watch?v=ovGCZVwT4sk,2023-10-20T22:21:26Z
《金瓶梅》第10部-作者：蘭陵笑笑生,https://www.youtube.com/watch?v=YZ_I9UJ4a-0,2023-10-20T11:47:28Z
《金瓶梅》第8部-作者：蘭陵笑笑生,https://www.youtube.com/watch?v=OMaXS2IGyFQ,2023-10-20T11:03:47Z
《金瓶梅》第9部-作者：蘭陵笑笑生,https://www.youtube.com/watch?v=_LNPTW3LS-U,2023-10-20T11:02:49Z
《金瓶梅》第7部-作者：蘭陵笑笑生,https://www.youtube.com/watch?v=l8TQFAvz9zk,2023-10-20T02:20:34Z
《金瓶梅》第6部-作者：蘭陵笑笑生,https://www.youtube.com/watch?v=OVwZ8PC1D_I,2023-10-20T01:08:21Z
《金瓶梅》第5部-作者：蘭陵笑笑生,https://www.youtube.com/watch?v=5qmQ4H52INY,2023-10-20T00:27:24Z
《金瓶梅》第4部-作者：蘭陵笑笑生,https://www.youtube.com/watch?v=K7ptXP0JXNc,2023-10-19T23:44:40Z
《金瓶梅》第3部-作者：蘭陵笑笑生,https://www.youtube.com/watch?v=mYlmDDfnZoI,2023-10-19T22:52:37Z
《金瓶梅》第2部-作者：蘭陵笑笑生,https://www.youtube.com/watch?v=rMOWXLMQ8qw,2023-10-19T19:30:50Z
《金瓶梅》第1部-作者：蘭陵笑笑生。,https://www.youtube.com/watch?v=gERfhfefWoo,2023-10-19T18:10:25Z
《醒世恆言》第4部-明末清初-馮夢龍,https://www.youtube.com/watch?v=5k1hQvnrdpc,2023-10-19T17:27:29Z
《醒世恆言》第3部-明末清初-馮夢龍,https://www.youtube.com/watch?v=AZLMsYmbNE8,2023-10-19T16:02:45Z
《醒世恆言》第2部-明末清初-馮夢龍,https://www.youtube.com/watch?v=dQWMmN05gYw,2023-10-19T14:04:33Z
《醒世恆言》第1部-明末清初-馮夢龍,https://www.youtube.com/watch?v=3si2DTQVfnw,2023-10-19T11:35:29Z
《警世通言》第3部-明末清初-馮夢龍,https://www.youtube.com/watch?v=6EmSUoA6zNA,2023-10-19T04:13:15Z
《警世通言》第2部-明末清初-馮夢龍,https://www.youtube.com/watch?v=h7Fd1HAzxiE,2023-10-19T01:57:36Z
《警世通言》第1部-明末清初-馮夢龍,https://www.youtube.com/watch?v=a-rmONMBu7o,2023-10-19T01:21:14Z
《喻世明言》第3部-明末清初-馮夢龍,https://www.youtube.com/watch?v=rKnPnzjKfZo,2023-10-19T01:18:38Z
《喻世明言》第2部-明末清初-馮夢龍,https://www.youtube.com/watch?v=_wa343y6da4,2023-10-19T00:15:53Z
《喻世明言》第1部-明末清初-馮夢龍,https://www.youtube.com/watch?v=JWGCVGJF5xY,2023-10-19T00:12:30Z
《呂氏春秋》戰國-呂不韋,https://www.youtube.com/watch?v=1ZmMmnE6rLg,2023-10-17T17:12:29Z
《李太白詩集》唐朝-李白,https://www.youtube.com/watch?v=luNbR0Pj-UQ,2023-10-17T17:11:51Z
《三國演義》第1部-作者：羅貫中,https://www.youtube.com/watch?v=H1FdaiTFIYo,2023-10-17T09:53:37Z
《韓非子》第3部,https://www.youtube.com/watch?v=UnCPi5Ujhwc,2023-10-17T09:47:21Z
《韓非子》第2部,https://www.youtube.com/watch?v=hLVycUofQO4,2023-10-17T09:35:48Z
《韓非子》第1部,https://www.youtube.com/watch?v=mxZ2ioi0bGA,2023-10-17T04:27:41Z
《西遊記》第5部-作者：吳承恩,https://www.youtube.com/watch?v=MjtDkpb_QnQ,2023-10-17T02:52:46Z
《荀子》荀卿,https://www.youtube.com/watch?v=QtCtxLc4csk,2023-10-17T02:45:45Z
《西遊記》第4部-作者：吳承恩,https://www.youtube.com/watch?v=tdsmLmYr7f4,2023-10-16T23:22:01Z
《西遊記》第3部-作者：吳承恩,https://www.youtube.com/watch?v=s2PzMYmh5YM,2023-10-16T23:20:51Z
《西遊記》第2部-作者：吳承恩,https://www.youtube.com/watch?v=q5umhU2QnmY,2023-10-16T23:16:28Z
《三國演義》第4部-作者：羅貫中,https://www.youtube.com/watch?v=-fZnqswygbk,2023-10-16T11:32:48Z
《三國演義》第5部-作者：羅貫中,https://www.youtube.com/watch?v=0A84-oKHBtA,2023-10-16T10:44:54Z
《西遊記》第1部-作者：吳承恩,https://www.youtube.com/watch?v=4Jtbu6xCvgs,2023-10-16T10:38:53Z
《三國演義》第2部-作者：羅貫中,https://www.youtube.com/watch?v=4j9Q7Wp-ubE,2023-10-16T10:34:00Z
《莊子》莊周,https://www.youtube.com/watch?v=Zmr8Fl7cxqs,2023-10-16T10:33:04Z
《三國演義》第3部-作者：羅貫中,https://www.youtube.com/watch?v=da5qKLnqar0,2023-10-16T10:32:51Z
《墨子》墨翟,https://www.youtube.com/watch?v=9zSNN-NyKa8,2023-10-16T01:45:09Z
《水滸傳》第6篇-作者：施耐庵,https://www.youtube.com/watch?v=D2n64x_0sME,2023-10-16T00:45:05Z
《水滸傳》第5篇-作者：施耐庵,https://www.youtube.com/watch?v=P4tgN_s_AR0,2023-10-16T00:18:17Z
《孟子》作者：孟軻,https://www.youtube.com/watch?v=S0MczhOzyhE,2023-10-16T00:15:46Z
《水滸傳》第4篇-作者：施耐庵,https://www.youtube.com/watch?v=-qrpX1HFG5s,2023-10-15T22:01:49Z
《水滸傳》第2篇-作者：施耐庵,https://www.youtube.com/watch?v=5II9cZ_yLP4,2023-10-15T19:51:43Z
《水滸傳》第3篇-作者：施耐庵,https://www.youtube.com/watch?v=gRJ95uOCDJc,2023-10-15T19:46:23Z
《水滸傳》第1篇-作者：施耐庵,https://www.youtube.com/watch?v=Tr4Y78zRuw4,2023-10-15T14:15:08Z
"《紅樓夢》第6部-作者：曹雪芹,高鄂",https://www.youtube.com/watch?v=6P-fM3FYz0A,2023-10-15T12:09:53Z
"《弟子规》- 李毓秀,賈存仁",https://www.youtube.com/watch?v=0DwGjwE8ny0,2023-10-15T11:15:00Z
《三字经》王應麟,https://www.youtube.com/watch?v=HSXTDqcdb70,2023-10-15T11:14:55Z
《增廣賢文》,https://www.youtube.com/watch?v=h2SZWfTNu0g,2023-10-15T11:14:50Z
"《紅樓夢》第5部-作者：曹雪芹,高鄂。",https://www.youtube.com/watch?v=rG6LbPrQLUk,2023-10-15T04:10:08Z
"《紅樓夢》第4部-作者：曹雪芹,高鄂Chinese HongLouMeng4",https://www.youtube.com/watch?v=oMmAaVdln_U,2023-10-15T00:09:24Z
"《紅樓夢》第3部-作者：曹雪芹,高鄂",https://www.youtube.com/watch?v=qffpr1pXyXc,2023-10-14T22:48:56Z
"《紅樓夢》第2部-作者：曹雪芹,高鄂",https://www.youtube.com/watch?v=NxN077RKDXs,2023-10-14T21:02:53Z
"《紅樓夢》第1部-作者：曹雪芹,高鄂",https://www.youtube.com/watch?v=skHQ9sq8xPo,2023-10-14T14:24:30Z
《論語》作者：孔子,https://www.youtube.com/watch?v=IIP1uOPskuU,2023-10-14T03:49:49Z
《道德經》作者：老子,https://www.youtube.com/watch?v=KTZzy9ku9EI,2023-10-14T01:28:33Z
周易（易經）作者：姬昌,https://www.youtube.com/watch?v=qZkvYTshdEM,2023-10-14T01:26:43Z
