Index,Playlist ID,Name,Video Count,Published At
"0","PLjQio9SekbPE3vbnNsZ-OVgkd-xFS9dgx","Daily Open Windows  - Theodore Austin-Sparks","2","2024-08-13T21:04:04Z"
"1","PLjQio9SekbPGTpfcr5DjGK4oXLQuhirn8","Collections - Austin-Sparks","14","2024-08-06T23:40:37Z"
"2","PLjQio9SekbPFNqaERSKGM4KzazFdmZU0M","An Outline of Deuteronomy  - Charles Andrew Coates.","3","2024-07-27T09:10:28Z"
"3","PLjQio9SekbPGFwjSB3qGBntxYu7Ok_cdN","Notes on the Book of Deuteronomy - by Charles Henry Mackintosh","4","2024-07-22T01:35:22Z"
"4","PLjQio9SekbPGU-asjvS7EOVPl9mWtWo-r","Confessions Volumn A -  by Augustine of Hippo.","2","2024-07-15T23:30:48Z"
"5","PLjQio9SekbPGEwX2neCc2rrkHquBa-pXD","Encyclopedia of Bible Difficulties by Dr. Gleason Archer","2","2024-07-11T22:23:28Z"
"6","PLjQio9SekbPGB2gthqq9-1jHbHiFthMNu","Holy Bible (KJV) - 2024","14","2024-06-28T20:50:26Z"
"7","PLjQio9SekbPFOpzPoAt2mTs_GMc2omctZ","Brother Lawrence","1","2024-06-18T20:53:09Z"
"8","PLjQio9SekbPFG4SowKq51j_DkWn5JkotW","Lewis - Mere Christianity","1","2024-06-17T10:38:17Z"
"9","PLjQio9SekbPHU1Iu77PgO0fuu8eLceSfV","Martin Luther","1","2023-11-08T02:58:42Z"
"10","PLjQio9SekbPGLp7cvRwiH2iDb-RdvcBvg","Charles Haddon Spurgeon","3019","2023-11-04T20:06:20Z"
"11","PLjQio9SekbPFjslya-l5RFsurbeUIS0eI","John Bunyan","2","2023-10-23T00:36:55Z"
"12","PLjQio9SekbPE8kW-1UoK7OnV2qyel8_SA","Bible - King James Version (KJV)","10","2023-08-23T01:20:37Z"
"13","PLjQio9SekbPHGHXd9UGwB-z0q30op_bWf","SIR ROBERT ANDERSON","1","2023-08-08T10:33:04Z"
"14","PLjQio9SekbPEswe-ktYNgwzOJDNhzTr8j","Charles Spurgeon Sermons","3265","2023-07-30T21:34:29Z"
"15","PLjQio9SekbPEy9EC4UjViF36_7c5es31G","YLT Bible - Young's Literal Translation Bible","66","2023-07-09T00:42:04Z"
"16","PLjQio9SekbPEsvIVUdJa_4xE8cDmKHciQ","Saint Augustine Collections","13","2023-02-18T23:15:37Z"
"17","PLjQio9SekbPFxIrgWb0MxWssbdUqEv7p-","Thomas Ã  Kempis Collections","4","2023-02-18T22:44:26Z"
"18","PLjQio9SekbPF48vcNDaCW4Bw0_Fj87xyG","John Bunyan Collections","2","2023-02-18T22:27:07Z"
"19","PLjQio9SekbPGdXziFujjidiLyFuQ0uCQC","Oswald Chambers Collections","2","2023-02-18T13:22:21Z"
"20","PLjQio9SekbPGwsoFP9se-z-onfcQ608iO","Watchman Nee Collections","5","2023-02-18T03:20:01Z"
"21","PLjQio9SekbPFc41j23mKiNGEjY8HhypiB","C.S. Lewis Collections","1","2023-02-17T03:15:01Z"
"22","PLjQio9SekbPHLyWYFA0EFNPEQMAcDPLtS","A. W. Tozer Collections","2","2023-02-17T02:22:09Z"
"23","PLjQio9SekbPGAelPKQh3gULstYvBrtett","Charles Haddon Spurgeon Collections","5","2023-02-16T15:29:00Z"
"24","PLjQio9SekbPGo-DNUf2osqHt8pQQM9PSw","Jeremy Taylor Collections","3","2023-02-15T02:44:00Z"
"25","PLjQio9SekbPGvqJLsd8q_m989sTro724s","Andrew  Murray Collections","16","2023-02-10T09:41:05Z"
"26","PLjQio9SekbPE37pYPZIEiZU5X7ij_vYRn","Bible - KJV Version","33","2023-02-08T03:21:00Z"
"27","PLjQio9SekbPEk19IkIuxtue7rYb34pRyr","Alist cloud storage mapping tool","2","2023-01-16T02:42:48Z"
"28","PLjQio9SekbPGvgBdblXRDJwFz7W8YWxH-","Create video subtitles","5","2023-01-16T02:41:37Z"
